pdt_url,brand,pdt_name,price,rating,num_reviews,sephora_exclusive
https://www.sephora.sg/products/fresh-soy-face-cleanser/v/150ml,FRESH,Soy Face Cleanser,63.0,4.4,10760,0
https://www.sephora.sg/products/the-ordinary-squalane-cleanser/v/50ml,THE ORDINARY,Squalane Cleanser,16.0,4.0,916,0
https://www.sephora.sg/products/sephora-collection-wishing-you-advent-calendar-set-christmas-limited-edition,SEPHORA COLLECTION,Wishing You Advent Calendar Set (Christmas Limited Edition),89.0,NA,NA,0
https://www.sephora.sg/products/sephora-collection-cleansing-face-wipe/v/aloe-vera-3378872138839,SEPHORA COLLECTION,Cleansing Face Wipe,13.0,4.1,82,SEPHORA EXCLUSIVE
https://www.sephora.sg/products/farmacy-green-clean-makeup-meltaway-cleansing-balm/v/200ml,FARMACY,Green Clean Makeup Meltaway Cleansing Balm,96.0,4.7,673,SEPHORA EXCLUSIVE
https://www.sephora.sg/products/tatcha-clarifying-essentials-set-christmas-limited-edition,TATCHA,Clarifying Essentials Set (Christmas Limited Edition),119.0,NA,NA,SEPHORA EXCLUSIVE
https://www.sephora.sg/products/sephora-collection-triple-action-cleansing-micellar-water/v/400ml,SEPHORA COLLECTION,Triple Action Cleansing Micellar Water,29.0,4.4,336,SEPHORA EXCLUSIVE
https://www.sephora.sg/products/glow-recipe-blueberry-bounce-gentle-cleanser/v/30ml,GLOW RECIPE,Blueberry Bounce Gentle Cleanser,16.0,3.9,1394,SEPHORA EXCLUSIVE
https://www.sephora.sg/products/tatcha-dewy-cleanse-and-hydrate-duo-christmas-limited-edition,TATCHA,Dewy Cleanse And Hydrate Duo (Christmas Limited Edition),45.0,NA,NA,SEPHORA EXCLUSIVE
https://www.sephora.sg/products/origins-serious-detox-skincare-set,ORIGINS,Serious Detox Skincare Set,27.0,5.0,2,0
https://www.sephora.sg/products/tatcha-dewy-skin-essentials-set-christmas-limited-edition,TATCHA,Dewy Skin Essentials Set (Christmas Limited Edition),132.0,NA,NA,0
https://www.sephora.sg/products/fresh-skincare-prep-essentials-christams-limited-edition,FRESH,Skincare Prep Essentials (Christmas Limited Edition),38.0,5.0,2,0
https://www.sephora.sg/products/the-inkey-list-oat-cleansing-balm/v/150ml-5060879822221,THE INKEY LIST,Oat Cleansing Balm,20.0,3.8,2214,SEPHORA EXCLUSIVE
https://www.sephora.sg/products/origins-glow-booster-cleanse-glow-hydrate-skincare-set,ORIGINS,"Glow Booster - Cleanse, Glow, Hydrate Skincare Set",27.0,4.3,3,0
https://www.sephora.sg/products/sk-ii-facial-treatment-gentle-cleanser,SK-II,Facial Treatment Gentle Cleanser,99.0,4.6,250,0
https://www.sephora.sg/products/dr-dot-jart-plus-dermaclear-micro-ph-foam-facial-cleanser/v/120ml,DR.JART+,Dermaclear Micro pH Foam Facial Cleanser,29.0,4.4,346,SEPHORA EXCLUSIVE
https://www.sephora.sg/products/tatcha-clarifying-cleanse-and-hydrate-duo-christmas-limited-edition,TATCHA,Clarifying Cleanse And Hydrate Duo (Christmas Limited Edition),45.0,NA,NA,SEPHORA EXCLUSIVE
https://www.sephora.sg/products/tatcha-the-rice-wash-cleanser,TATCHA,The Rice Wash Cleanser,58.0,4.5,2377,SEPHORA EXCLUSIVE
https://www.sephora.sg/products/shu-uemura-anti-slash-oxi-plus-pollutant-and-dullness-clarifying-cleansing-oil/v/450ml,SHU UEMURA,Anti/Oxi+ Pollutant And Dullness Clarifying Cleansing Oil,143.0,4.9,16,0
https://www.sephora.sg/products/fresh-best-of-beauty-bundle-christmas-limited-edition,FRESH,Best Of Beauty Bundle (Christmas Limited Edition),58.0,4.8,4,0
https://www.sephora.sg/products/fresh-best-selling-duo-christmas-limited-edition,FRESH,Best Selling Duo (Christmas Limited Edition),38.0,NA,NA,0
https://www.sephora.sg/products/fresh-soy-face-cleanser-limited-edition-42042,FRESH,Soy Face Cleanser (Limited-Edition),81.0,4.8,25,0
https://www.sephora.sg/products/caudalie-vinoclean-instant-foaming-cleanser/v/150ml,CAUDALIE,Vinoclean Instant Foaming Cleanser,37.0,4.3,79,SEPHORA EXCLUSIVE
https://www.sephora.sg/products/sulwhasoo-gentle-cleansing-foam,SULWHASOO,Gentle Cleansing Foam,50.0,4.9,28,0
https://www.sephora.sg/products/shu-uemura-sailormoon-ultime8-cleansing-oil-christmas-limited-edition/v/450ml,SHU UEMURA,Sailormoon Ultime8 Cleansing Oil (Christmas Limited Edition),168.0,5.0,1,0
https://www.sephora.sg/products/fresh-5-minute-skin-rescue-heroes-skincare-kit,FRESH,5-Minute Skin Rescue Heroes Skincare Kit,45.0,4.8,9,0
https://www.sephora.sg/products/sk-ii-pitera-power-kit,SK-II,PITERA™ Power Kit,125.0,4.0,36,0
https://www.sephora.sg/products/the-inkey-list-fulvic-acid-brightening-cleanser,THE INKEY LIST,Fulvic Acid Brightening Cleanser,20.0,4.5,387,SEPHORA EXCLUSIVE
https://www.sephora.sg/products/dr-dennis-gross-alpha-beta-aha-slash-bha-cleansing-gel/v/225ml,DR. DENNIS GROSS,Alpha Beta AHA/BHA Cleansing Gel,61.0,4.2,41,SEPHORA EXCLUSIVE
https://www.sephora.sg/products/ole-henriksen-find-your-glow-brightening-skincare-set-christmas-limited-edition,OLE HENRIKSEN,Find Your Glow Brightening Skincare Set (Christmas Limited Edition),109.0,5.0,1,NEW | SEPHORA EXCLUSIVE
https://www.sephora.sg/products/drunk-elephant-beste-no-9-jelly-cleanser/v/150ml,DRUNK ELEPHANT,Beste™ No. 9 Jelly Cleanser,46.0,4.0,2876,SEPHORA EXCLUSIVE
https://www.sephora.sg/products/caudalie-vinopure-purifying-gel-cleanser,CAUDALIE,Vinopure Purifying Gel Cleanser,36.0,4.5,862,SEPHORA EXCLUSIVE
https://www.sephora.sg/products/sephora-collection-gentle-eye-and-lip-makeup-remover,SEPHORA COLLECTION,Gentle Eye And Lip Makeup Remover,9.0,3.8,43,SEPHORA EXCLUSIVE
https://www.sephora.sg/products/fenty-skin-total-cleansr-remove-it-all-cleanser/v/145ml,FENTY SKIN,Total Cleans'R Remove-It-All Cleanser,42.0,4.2,621,SEPHORA EXCLUSIVE
https://www.sephora.sg/products/laneige-complete-waterbank-blue-hyaluronic-hydration-set,LANEIGE,Complete Waterbank Blue Hyaluronic Hydration Set,90.0,5.0,1,0
https://www.sephora.sg/products/shu-uemura-ultime8-sublime-beauty-cleansing-oil-38388/v/450ml,SHU UEMURA,Ultime8∞ Sublime Beauty Cleansing Oil,168.0,4.2,1450,0
https://www.sephora.sg/products/dr-dennis-gross-hyaluronic-marine-meltaway-cleanser/v/60ml,DR. DENNIS GROSS,Hyaluronic Marine Meltaway Cleanser,21.0,4.5,592,SEPHORA EXCLUSIVE
https://www.sephora.sg/products/the-ordinary-salicylic-acid-2-percent-anhydrous-solution,THE ORDINARY,Salicylic Acid 2% Anhydrous Solution,13.0,3.9,278,0
https://www.sephora.sg/products/lancome-clarifique-pore-refining-cleansing-foam,LANCÔME,Clarifique Pore Refining Cleansing Foam,63.0,4.4,10,0
https://www.sephora.sg/products/sulwhasoo-concentrated-ginseng-renewing-serum-trial-kit,SULWHASOO,Concentrated Ginseng Renewing Serum Trial Kit,92.0,NA,NA,0
https://www.sephora.sg/products/estee-lauder-firm-plus-lift-skincare-wonders-set-christmas-limited-edition,ESTÉE LAUDER,Firm + Lift Skincare Wonders Set (Christmas Limited Edition),131.0,NA,NA,0
https://www.sephora.sg/products/farmacy-clearly-clean-makeup-meltaway-cleansing-balm/v/100ml,FARMACY,Clearly Clean Makeup Meltaway Cleansing Balm,63.0,4.7,566,SEPHORA EXCLUSIVE
https://www.sephora.sg/products/the-inkey-list-selfless-by-hyram-centella-and-green-tea-daily-gel-cleanser,THE INKEY LIST,Selfless by Hyram Centella and Green Tea Daily Gel Cleanser,34.0,4.0,214,SEPHORA EXCLUSIVE
https://www.sephora.sg/products/indie-lee-brightening-cleanser/v/default,INDIE LEE,Brightening Cleanser,36.0,4.4,746,SEPHORA EXCLUSIVE
https://www.sephora.sg/products/innisfree-green-tea-hydration-duo,INNISFREE,Green Tea Hydration Duo,26.0,4.5,27,0
https://www.sephora.sg/products/estee-lauder-perfectly-clean-multi-action-foam-cleanser-slash-purifying-mask/v/150ml,ESTÉE LAUDER,Perfectly Clean Multi-Action Foam Cleanser/Purifying Mask,55.0,4.4,111,0
https://www.sephora.sg/products/shiseido-face-cleanser,SHISEIDO,Face Cleanser,40.0,5.0,1,0
https://www.sephora.sg/products/tatcha-the-camellia-cleansing-oil,TATCHA,The Camellia Cleansing Oil,83.0,4.4,121,SEPHORA EXCLUSIVE
https://www.sephora.sg/products/innisfree-bija-trouble-facial-foam,INNISFREE,Bija Trouble Facial Foam,13.0,4.0,1,0
https://www.sephora.sg/products/caudalie-vinoclean-makeup-removing-cleansing-oil,CAUDALIE,Vinoclean Makeup Removing Cleansing Oil,38.0,4.4,450,SEPHORA EXCLUSIVE
https://www.sephora.sg/products/bobbi-brown-soothing-cleansing-oil/v/200ml,BOBBI BROWN,Soothing Cleansing Oil,82.0,4.6,83,0
https://www.sephora.sg/products/mario-badescu-acne-facial-cleanser,MARIO BADESCU,Acne Facial Cleanser,34.0,4.1,612,SEPHORA EXCLUSIVE
https://www.sephora.sg/products/caudalie-vinopure-anti-blemish-solution-set,CAUDALIE,Vinopure Anti-Blemish Solution Set,65.0,4.6,10,SEPHORA EXCLUSIVE
https://www.sephora.sg/products/la-mer-the-cleansing-foam/v/30ml,LA MER,The Cleansing Foam,60.0,4.1,189,0
https://www.sephora.sg/products/mario-badescu-enzyme-cleansing-gel/v/472ml,MARIO BADESCU,Enzyme Cleansing Gel,40.0,4.1,729,SEPHORA EXCLUSIVE
https://www.sephora.sg/products/philosophy-purity-made-simple-one-step-facial-cleanser/v/650ml,PHILOSOPHY,Purity Made Simple One-Step Facial Cleanser,72.0,4.5,12617,0
https://www.sephora.sg/products/elemis-superfood-facial-wash,ELEMIS,Superfood Facial Wash,48.0,5.0,1,0
https://www.sephora.sg/products/shu-uemura-ultime8-spring-set,SHU UEMURA,Ultime8∞ Spring Set,168.0,NA,NA,0
https://www.sephora.sg/products/caudalie-vinoclean-micellar-cleansing-water,CAUDALIE,Vinoclean Micellar Cleansing Water,37.0,4.5,8,SEPHORA EXCLUSIVE
https://www.sephora.sg/products/it-cosmetics-confidence-in-a-cleanser,IT COSMETICS,Confidence In A Cleanser,44.0,4.5,495,0
https://www.sephora.sg/products/fenty-skin-mini-skin-must-haves-skincare-set-limited-edition,FENTY SKIN,Mini Skin Must-Haves Skincare Set (Limited Edition),108.0,4.8,4,SEPHORA EXCLUSIVE
https://www.sephora.sg/products/sephora-collection-cleansing-and-hydrating-micellar-water/v/200ml,SEPHORA COLLECTION,Cleansing & Hydrating Micellar Water,19.0,4.6,16,SEPHORA EXCLUSIVE
https://www.sephora.sg/products/glow-recipe-papaya-sorbet-enzyme-cleansing-balm,GLOW RECIPE,Papaya Sorbet Enzyme Cleansing Balm,51.0,4.2,1433,SEPHORA EXCLUSIVE
https://www.sephora.sg/products/charlotte-tilbury-take-it-all-off/v/120ml,CHARLOTTE TILBURY,Take It All Off,37.0,NA,NA,SEPHORA EXCLUSIVE
https://www.sephora.sg/products/origins-checks-and-balances-frothy-face-wash-combi-skin,ORIGINS,Checks and Balances™ Frothy Face Wash,43.0,4.4,210,0
https://www.sephora.sg/products/sunday-riley-ceramic-slip-clay-cleanser,SUNDAY RILEY,Ceramic Slip Clay Cleanser,56.0,3.9,975,SEPHORA EXCLUSIVE
https://www.sephora.sg/products/fresh-rose-cleansing-foam,FRESH,Rose Cleansing Foam,47.0,3.9,244,0
https://www.sephora.sg/products/clinique-all-about-clean-2-in-1-cleansing-plus-exfoliating-jelly-anti-pollution/v/150ml,CLINIQUE,All About Clean 2-in-1 Cleansing + Exfoliating Jelly Anti-Pollution,51.0,4.6,40,0
https://www.sephora.sg/products/ole-henriksen-truth-juice-daily-cleanser/v/150ml,OLE HENRIKSEN,Truth Juice™ Daily Cleanser,50.0,4.3,696,SEPHORA EXCLUSIVE
https://www.sephora.sg/products/laneige-water-bank-blue-hyaluronic-cleansing-foam,LANEIGE,Water Bank Blue Hyaluronic Cleansing Foam,36.0,4.7,7,0
https://www.sephora.sg/products/clinique-3-step-routine-skincare-set,CLINIQUE,3-Step Routine Skincare Set,70.0,NA,NA,0
https://www.sephora.sg/products/fresh-kombucha-cleansing-treatment/v/200ml,FRESH,Kombucha Cleansing Treatment,69.0,4.4,747,0
https://www.sephora.sg/products/farmacy-whipped-greens-oil-free-foaming-cleanser,FARMACY,Whipped Greens oil-free foaming cleanser,45.0,4.6,450,SEPHORA EXCLUSIVE
https://www.sephora.sg/products/fresh-day-and-night-hydration-christmas-limited-edition,FRESH,Day & Night Hydration (Christmas Limited Edition),107.0,5.0,1,0
https://www.sephora.sg/products/dior-la-mousse-off-slash-on-foaming-cleanser,DIOR,La Mousse Off/On Foaming Cleanser,69.0,4.4,537,0
https://www.sephora.sg/products/sulwhasoo-gentle-cleansing-oil,SULWHASOO,Gentle Cleansing Oil,55.0,3.9,9,0
https://www.sephora.sg/products/clinique-all-about-clean-liquid-facial-soap-oily-skin,CLINIQUE,All About Clean™ Liquid Facial Soap (Oily Skin),39.0,4.4,2320,0
https://www.sephora.sg/products/origins-mega-mushroom-heroes-skincare-set,ORIGINS,Mega-Mushroom Heroes Skincare Set,65.0,5.0,2,0
https://www.sephora.sg/products/clinique-all-about-clean-liquid-facial-soap-mild,CLINIQUE,All About Clean™ Liquid Facial Soap (Mild),39.0,4.4,145,0
https://www.sephora.sg/products/drunk-elephant-slaai-makeup-melting-butter-cleanser,DRUNK ELEPHANT,Slaai™ Makeup-Melting Butter Cleanser,50.0,3.8,1574,SEPHORA EXCLUSIVE
https://www.sephora.sg/products/sephora-collection-brightening-dual-exfoliator,SEPHORA COLLECTION,Brightening Dual Exfoliator,24.0,4.3,15,SEPHORA EXCLUSIVE
https://www.sephora.sg/products/cle-de-peau-clarifying-cleansing-foam,CLE DE PEAU,Clarifying Cleansing Foam,92.0,4.3,60,0
https://www.sephora.sg/products/clinique-clinique-for-men-face-wash-200ml,CLINIQUE,For Men Face Wash,39.0,4.2,28,0
https://www.sephora.sg/products/dr-jart-cicapair-green-recipe-skincare-kit,DR.JART+,Cicapair Green Recipe Skincare Kit,54.0,4.8,5,SEPHORA EXCLUSIVE
https://www.sephora.sg/products/nudestix-nudeskin-4-step-citrus-renew-set-for-gentle-skin,NUDESTIX,Nudeskin 4-Step Citrus Renew Set For Gentle Skin,127.0,3.5,4,SEPHORA EXCLUSIVE
https://www.sephora.sg/products/boscia-detoxifying-black-charcoal-cleanser,BOSCIA,Detoxifying Black Charcoal Cleanser,54.0,4.3,2581,SEPHORA EXCLUSIVE
https://www.sephora.sg/products/sephora-collection-exfoliating-face-wipe/v/charcoal-3378872138860,SEPHORA COLLECTION,Exfoliating Face Wipe,13.0,4.2,49,SEPHORA EXCLUSIVE
https://www.sephora.sg/products/first-aid-beauty-face-cleanser/v/226g,FIRST AID BEAUTY,Face Cleanser,51.0,4.4,5782,0
https://www.sephora.sg/products/caudalie-vinoclean-instant-foaming-cleanser-duo,CAUDALIE,Vinoclean Instant Foaming Cleanser Duo,57.0,4.8,16,SEPHORA EXCLUSIVE
https://www.sephora.sg/products/the-inkey-list-back-to-basics-your-breakout-recipe-skincare-set,THE INKEY LIST,Back To Basics: Your Breakout Recipe Skincare Set,45.0,NA,NA,SEPHORA EXCLUSIVE
https://www.sephora.sg/products/origins-tiny-trio-mini-cleansesr-serum-and-moisturizer-trio-christmas-limited-edition,ORIGINS,"Tiny Trio Mini Cleansesr, Serum & Moisturizer Trio (Christmas Limited Edition)",35.0,5.0,1,0
https://www.sephora.sg/products/clinique-skin-school-supplies-cleanser-refresher-course-set,CLINIQUE,Skin School Supplies: Cleanser Refresher Course Set,25.0,NA,NA,0
https://www.sephora.sg/products/philosophy-the-microdelivery-exfoliating-wash/v/120ml,PHILOSOPHY,The Microdelivery Exfoliating Facial Wash,26.0,4.6,3241,0
https://www.sephora.sg/products/shu-uemura-blanc-chroma-lightening-and-polishing-cleansing-oil/v/450ml,SHU UEMURA,Blanc:Chroma Lightening & Polishing Cleansing Oil,143.0,4.7,9,0
https://www.sephora.sg/products/lab-series-oil-control-clay-cleanser-plus-mask,LAB SERIES,Oil Control Clay Cleanser + Mask,45.0,5.0,1,0
https://www.sephora.sg/products/tatcha-the-deep-cleanse/v/150ml,TATCHA,The Deep Cleanse,64.0,4.4,179,SEPHORA EXCLUSIVE
https://www.sephora.sg/products/clinique-take-the-day-off-cleansing-towelettes-50pcs,CLINIQUE,Take the Day Off Micellar Cleansing Towelettes for Face & Eyes,15.0,2.5,4,0
https://www.sephora.sg/products/sephora-collection-smoothing-cleanser,SEPHORA COLLECTION,Smoothing Cleanser,21.0,4.5,138,SEPHORA EXCLUSIVE
https://www.sephora.sg/products/caudalie-vinoclean-gentle-cleansing-almond-milk,CAUDALIE,Vinoclean Gentle Cleansing Almond Milk,37.0,4.3,194,SEPHORA EXCLUSIVE
https://www.sephora.sg/products/eve-lom-cleansing-oil-capsules/v/50-pcs,EVE LOM,Cleansing Oil Capsules,120.0,3.8,5,0
https://www.sephora.sg/products/make-up-for-ever-so-divine,MAKE UP FOR EVER,So Divine,56.0,4.9,8,0
https://www.sephora.sg/products/dr-jart-ctrl-a-teatreement-cleansing-foam,DR.JART+,Ctrl-A Teatreement™ Cleansing Foam,28.0,4.3,10,SEPHORA EXCLUSIVE
https://www.sephora.sg/products/la-mer-discover-skincare-set,LA MER,Discover Skincare Set,185.0,5.0,3,0
https://www.sephora.sg/products/clinique-3-step-skincare-set-for-dry-combination-skin,CLINIQUE,3 Step Skincare Set For Dry Combination Skin,57.0,5.0,1,0
https://www.sephora.sg/products/clear-start-breakout-clearing-foaming-wash/v/295ml,DERMALOGICA CLEAR START,Breakout Clearing Foaming Wash,49.0,4.4,212,0
https://www.sephora.sg/products/clinique-anti-blemish-set,CLINIQUE,Anti Blemish Set,150.0,NA,NA,0
https://www.sephora.sg/products/sk-ii-men-moisturizing-cleanser,SK-II,MEN Moisturizing Cleanser,99.0,4.8,49,0
https://www.sephora.sg/products/alpha-h-balancing-cleanser-with-aloe-vera/v/185ml,ALPHA-H,Balancing Cleanser With Aloe Vera,61.0,4.4,107,SEPHORA EXCLUSIVE
https://www.sephora.sg/products/nudestix-nudeskin-3-step-citrus-renew-skincare-set,NUDESTIX,Nudeskin 3-Step Citrus Renew Skincare Set,39.0,3.8,73,SEPHORA EXCLUSIVE
https://www.sephora.sg/products/fresh-kombucha-anti-pollution-experts-skincare-set,FRESH,Kombucha Anti-Pollution Experts Skincare Set,55.0,4.5,2,0
https://www.sephora.sg/products/estee-lauder-nutritious-super-pomegranate-radiant-energy-2-in-1-cleansing-foam,ESTÉE LAUDER,Nutritious Super-Pomegranate Radiant Energy 2-in-1 Cleansing Foam,52.0,4.3,88,0
https://www.sephora.sg/products/dermalogica-special-cleansing-gel,DERMALOGICA,Special Cleansing Gel,73.0,4.6,659,0
https://www.sephora.sg/products/the-inkey-list-hyaluronic-acid-cleanser,THE INKEY LIST,Hyaluronic Acid Cleanser,18.0,4.2,248,SEPHORA EXCLUSIVE
https://www.sephora.sg/products/this-works-evening-detox-cleansing-water,THIS WORKS,Evening Detox Cleansing Water,42.0,4.2,6,SEPHORA EXCLUSIVE
https://www.sephora.sg/products/dr-dot-jart-plus-dermaclear-micro-water-plus-refill,DR.JART+,Dermaclear Micro Water + Refill,42.0,4.1,14,SEPHORA EXCLUSIVE
https://www.sephora.sg/products/dr-dot-jart-plus-dermaclear-micro-foam,DR.JART+,Dermaclear Micro Foam Cleanser,27.0,4.3,132,SEPHORA EXCLUSIVE
https://www.sephora.sg/products/shiseido-ultimune-essential-defense-trio,SHISEIDO,Ultimune Essential Defense Trio,55.0,NA,NA,SEPHORA EXCLUSIVE
https://www.sephora.sg/products/lab-series-all-in-one-multi-action-face-wash,LAB SERIES,All-In-One Multi-Action Face Wash,45.0,4.0,2,0
https://www.sephora.sg/products/sulwhasoo-first-care-trial-skincare-set,SULWHASOO,First Care Trial Skincare Set,92.0,4.7,3,0
https://www.sephora.sg/products/sk-ii-facial-treatment-cleansing-gel,SK-II,Facial Treatment Cleansing Gel,73.0,4.8,4,0
https://www.sephora.sg/products/estee-lauder-advanced-night-micro-cleansing-foam,ESTÉE LAUDER,Advanced Night Micro Cleansing Foam,17.0,3.8,23,0
https://www.sephora.sg/products/origins-love-and-glow-ginzing-radiance-boosting-regimen-skincare-set,ORIGINS,Love And Glow: Ginzing™ Radiance-Boosting Regimen Skincare Set,90.0,4.6,9,0
https://www.sephora.sg/products/clinique-all-about-clean-rinse-off-foaming-cleanser/v/default,CLINIQUE,All About Clean™ Rinse-Off Foaming Cleanser,46.0,4.4,49,0
https://www.sephora.sg/products/sephora-collection-prebiotic-clean-skin-gel-cleanser,SEPHORA COLLECTION,Prebiotic Clean Skin Gel Cleanser,19.0,4.4,12,SEPHORA EXCLUSIVE
https://www.sephora.sg/products/biossance-squalane-plus-amino-aloe-gentle-cleanser,BIOSSANCE,Squalane + Amino Aloe Gentle Cleanser,42.0,4.4,493,SEPHORA EXCLUSIVE
https://www.sephora.sg/products/foreo-skin-supremes-luna-mini-3-and-ufo-mini-2-set-christmas-limited-edition,FOREO,Skin Supremes Luna™ Mini 3 & Ufo™ Mini 2 Set (Christmas Limited Edition),399.0,NA,NA,SEPHORA EXCLUSIVE
https://www.sephora.sg/products/dior-micellar-water-cleanser,DIOR,Micellar Water Cleanser,69.0,NA,NA,SEPHORA EXCLUSIVE
https://www.sephora.sg/products/estee-lauder-perfectly-clean-multi-action-creme-cleanser-slash-moisture-mask,ESTÉE LAUDER,Perfectly Clean Multi-Action Creme Cleanser/Moisture Mask,55.0,3.8,4,0
https://www.sephora.sg/products/ole-henriksen-find-your-balance-oil-control-cleanser,OLE HENRIKSEN,Find Your Balance Oil Control Cleanser,50.0,4.4,1539,SEPHORA EXCLUSIVE
https://www.sephora.sg/products/mario-badescu-botanical-facial-gel-236ml,MARIO BADESCU,Botanical Facial Gel,32.0,3.7,25,SEPHORA EXCLUSIVE
https://www.sephora.sg/products/sunday-riley-wake-up-with-me-complete-morning-routine-kit,SUNDAY RILEY,Wake Up With Me Complete Morning Routine Kit,151.0,4.3,62,SEPHORA EXCLUSIVE
https://www.sephora.sg/products/pixi-pinksalt-cleansing-oil,PIXI,PinkSalt Cleansing Oil,42.0,3.8,12,0
https://www.sephora.sg/products/first-aid-beauty-fab-faves-trio-set,FIRST AID BEAUTY,Fab Faves Trio Set,55.0,5.0,1,0
https://www.sephora.sg/products/clinique-great-skin-for-him-four-best-selling-clinique-for-men-formulas-in-one-good-looking-set-christmas-limited-edition,CLINIQUE,Great Skin For Him: Four Best-Selling Clinique For Men Formulas In One Good-Looking Set (Christmas Limited Edition),78.0,NA,NA,0
https://www.sephora.sg/products/cle-de-peau-cleanser-trio-set-limited-edition,CLE DE PEAU,Cleanser Trio Set (Limited Edition),120.0,NA,NA,0
https://www.sephora.sg/products/dior-eye-and-lip-makeup-remover,DIOR,Eye and Lip Makeup Remover,58.0,NA,NA,0
https://www.sephora.sg/products/philosophy-purity-made-simple-one-step-mattifying-facial-cleanser,PHILOSOPHY,Purity Made Simple One-Step Mattifying Facial Cleanser,38.0,4.3,12,0
https://www.sephora.sg/products/gallinee-perfume-free-cleansing-bar,GALLINÉE,Perfume Free Cleansing Bar,22.0,4.0,1,0
https://www.sephora.sg/products/lancome-gel-eclat,LANCÔME,Gel Eclat Clarifying Facial Cleanser,50.0,4.4,27,0
https://www.sephora.sg/products/shiseido-clarifying-cleansing-foam,SHISEIDO,Clarifying Cleansing Foam,58.0,4.4,10,0
https://www.sephora.sg/products/shiseido-deep-cleansing-foam,SHISEIDO,Deep Cleansing Foam,58.0,4.0,3,0
https://www.sephora.sg/products/sulwhasoo-indispensable-4-piece-skincare-set-10th-anniversary-limited-edition,SULWHASOO,Indispensable 4-Piece Skincare Set 10th Anniversary (Limited Edition),118.0,NA,NA,0
https://www.sephora.sg/products/laneige-cream-skin-milk-oil-cleanser,LANEIGE,Cream Skin Milk Oil Cleanser,43.0,4.6,7,0
https://www.sephora.sg/products/three-balancing-cleansing-oil-r,THREE,Balancing Cleansing Oil R,70.0,4.8,4,0
https://www.sephora.sg/products/drgl-cleanser-sensitive/v/240ml,DRGL,Cleanser Sensitive,138.0,4.4,5,0
https://www.sephora.sg/products/la-mer-skincare-ritual-set,LA MER,Skincare Ritual Set,595.0,NA,NA,0
https://www.sephora.sg/products/fresh-seaberry-skin-nutrition-cleansing-oil,FRESH,Seaberry Skin Nutrition Cleansing Oil,68.0,4.5,305,0
https://www.sephora.sg/products/mario-badescu-glycolic-foaming-cleanser,MARIO BADESCU,Glycolic Foaming Cleanser,28.0,4.3,331,SEPHORA EXCLUSIVE
https://www.sephora.sg/products/pixi-skintreats-clarity-cleanser,PIXI,Skintreats Clarity Cleanser,31.0,3.5,4,0
https://www.sephora.sg/products/boscia-cryosea-firming-icy-cold-cleanser,BOSCIA,Cryosea Firming Icy-Cold Cleanser,54.0,1.0,1,SEPHORA EXCLUSIVE
https://www.sephora.sg/products/tarte-knockout-daily-exfoliating-cleanser/v/124ml,TARTE,Knockout Daily Exfoliating Cleanser,42.0,4.1,100,SEPHORA EXCLUSIVE
https://www.sephora.sg/products/biossance-squalane-plus-elderberry-jelly-cleanser,BIOSSANCE,Squalane + Elderberry Jelly Cleanser,44.0,3.7,231,SEPHORA EXCLUSIVE
https://www.sephora.sg/products/pixi-rose-cream-cleanser,PIXI,Rose Cream Cleanser,32.0,3.9,54,0
https://www.sephora.sg/products/mario-badescu-cleansing-oil,MARIO BADESCU,Cleansing Oil,30.0,NA,NA,0
https://www.sephora.sg/products/caudalie-skincare-bestie-box,CAUDALIE,Skincare Bestie Box,121.0,3.5,2,SEPHORA EXCLUSIVE
https://www.sephora.sg/products/caudalie-summer-travel-skincare-set-limited-edition,CAUDALIE,Summer Travel Skincare Set (Limited Edition),39.0,5.0,1,SEPHORA EXCLUSIVE
https://www.sephora.sg/products/indie-lee-discovery-kit,INDIE LEE,Discovery Kit,43.0,4.2,114,SEPHORA EXCLUSIVE
https://www.sephora.sg/products/herbivore-botanicals-mushroom-magic-skincare-set-christmas-limited-edition,HERBIVORE BOTANICALS,Mushroom Magic Skincare Set Christmas (Limited Edition),52.0,5.0,1,NEW | SEPHORA EXCLUSIVE
https://www.sephora.sg/products/sulwhasoo-skincare-essentials-kit,SULWHASOO,Skincare Essentials Kit,65.0,NA,NA,NEW | SEPHORA EXCLUSIVE
https://www.sephora.sg/products/eve-lom-iconic-cleanse-ornament-set-christmas-limited-edition,EVE LOM,Iconic Cleanse Ornament Set (Christmas Limited Edition),45.0,NA,NA,NEW | SEPHORA EXCLUSIVE
https://www.sephora.sg/products/lab-series-skincare-starter-kit-limited-edition,LAB SERIES,Skincare Starter Kit (Limited Edition),108.0,NA,NA,NEW | SEPHORA EXCLUSIVE
https://www.sephora.sg/products/origins-dr-weil-for-origins-mega-mushroom-skin-relief-micellar-cleanser,ORIGINS,Dr. Weil For Origins™ Mega-Mushroom Skin Relief Micellar Cleanser,64.0,4.5,96,0
https://www.sephora.sg/products/elemis-superfood-aha-glow-cleansing-butter,ELEMIS,Superfood AHA Glow Cleansing Butter,60.0,NA,NA,0
https://www.sephora.sg/products/tatcha-the-texture-tonic,TATCHA,The Texture Tonic,100.0,4.7,212,SEPHORA EXCLUSIVE
https://www.sephora.sg/products/indie-lee-purifying-face-wash/v/125ml,INDIE LEE,Purifying Face Wash,36.0,4.3,57,SEPHORA EXCLUSIVE
https://www.sephora.sg/products/shiseido-complete-cleansing-microfoam,SHISEIDO,Complete Cleansing Microfoam,58.0,5.0,1,0
https://www.sephora.sg/products/shiseido-waso-quick-gentle-cleanser,SHISEIDO,Waso Quick Gentle Cleanser,40.0,4.4,10,0
https://www.sephora.sg/products/dr-jart-cicapair-enzyme-cleansing-foam,DR.JART+,Cicapair Enzyme Cleansing Foam,36.0,4.5,10,SEPHORA EXCLUSIVE
https://www.sephora.sg/products/tatcha-the-rice-polish-foaming-enzyme-powder/v/classic,TATCHA,The Rice Polish Foaming Enzyme Powder,108.0,4.7,23,SEPHORA EXCLUSIVE
https://www.sephora.sg/products/gallinee-face-foaming-cleanser,GALLINÉE,Face Foaming Cleanser,31.0,5.0,2,0
https://www.sephora.sg/products/lancome-creme-mousse-confort,LANCÔME,Crème Mousse-Confort,50.0,4.6,21,0
https://www.sephora.sg/products/lab-series-anti-age-max-ls-cleanser,LAB SERIES,Anti-Age Max LS Cleanser,63.0,NA,NA,0
https://www.sephora.sg/products/malin-plus-goetz-grapefruit-face-cleanser,MALIN + GOETZ,Grapefruit Face Cleanser,56.0,4.4,329,0
https://www.sephora.sg/products/shiseido-future-solution-lx-extra-rich-cleansing-foam,SHISEIDO,Future Solution LX Extra Rich Cleansing Foam,85.0,4.3,3,0
https://www.sephora.sg/products/frank-body-charcoal-face-cleanser,FRANK BODY,Charcoal Face Cleanser,35.0,4.4,19,SEPHORA EXCLUSIVE
https://www.sephora.sg/products/nudestix-nudeskin-3-step-citrus-skin-renewal-skincare-set,NUDESTIX,Nudeskin 3-Step Citrus Skin Renewal Skincare Set,39.0,3.5,4,SEPHORA EXCLUSIVE
https://www.sephora.sg/products/pai-skincare-light-work-rosehip-fruit-extract-cleansing-oil,PAI SKINCARE,Light Work Rosehip Fruit Extract Cleansing Oil,73.0,4.0,1,SEPHORA EXCLUSIVE
https://www.sephora.sg/products/pixi-hydrating-milky-cleanser,PIXI,Hydrating Milky Cleanser,32.0,5.0,1,0
https://www.sephora.sg/products/boscia-purifying-cleansing-gel,BOSCIA,Purifying Cleansing Gel,51.0,4.5,1809,SEPHORA EXCLUSIVE
https://www.sephora.sg/products/pixi-retinol-jasmine-cleanser,PIXI,Retinol Jasmine Cleanser,30.0,3.8,26,0
https://www.sephora.sg/products/allies-of-skin-molecular-silk-amino-hydrating-cleanser/v/allies-silk-amino-clns-100ml,ALLIES OF SKIN,Molecular Silk Amino Hydrating Cleanser,64.0,4.3,24,SEPHORA EXCLUSIVE
https://www.sephora.sg/products/biossance-squalane-plus-antioxidant-cleansing-oil,BIOSSANCE,Squalane + Antioxidant Cleansing Oil,48.0,4.1,675,SEPHORA EXCLUSIVE
https://www.sephora.sg/products/dior-diorsnow-essence-of-light-purifying-brightening-foam,DIOR,Diorsnow Essence Of Light Purifying Brightening Foam,85.0,5.0,2,0
https://www.sephora.sg/products/dr-dennis-gross-plump-it-up-kit-christmas-limited-edition,DR. DENNIS GROSS,Plump It Up Kit (Christmas Limited Edition),137.0,NA,NA,0
https://www.sephora.sg/products/clinique-all-about-clean-foaming-facial-soap,CLINIQUE,All About Clean™ Foaming Facial Soap,46.0,5.0,2,0
https://www.sephora.sg/products/laura-mercier-balancing-foaming-cleanser,LAURA MERCIER,Balancing Foaming Cleanser,55.0,NA,NA,0
https://www.sephora.sg/products/by-terry-baume-de-rose-bi-phase-make-up-remover,BY TERRY,Baume De Rose Bi-Phase Make-Up Remover,87.0,NA,NA,0
https://www.sephora.sg/products/lixir-electrogel-cleanser,LIXIRSKIN,Electrogel Cleanser,51.0,3.7,9,SEPHORA EXCLUSIVE
https://www.sephora.sg/products/givenchy-skin-ressource-cleansing-micellar-water,GIVENCHY,Skin Ressource Cleansing Micellar Water,52.0,NA,NA,SEPHORA EXCLUSIVE
https://www.sephora.sg/products/la-mer-the-cleansing-micellar-water/v/100ml,LA MER,The Cleansing Micellar Water,110.0,4.3,45,0
https://www.sephora.sg/products/drunk-elephant-pekee-bar,DRUNK ELEPHANT,Pekee Bar™,40.0,4.5,470,SEPHORA EXCLUSIVE
https://www.sephora.sg/products/bybi-beauty-milk-melt-cleanser,BYBI BEAUTY,Milk Melt Cleanser,65.0,3.0,3,SEPHORA EXCLUSIVE
https://www.sephora.sg/products/votary-clarifying-cleansing-oil-rosemary-and-oat,VOTARY,Clarifying Cleansing Oil - Rosemary And Oat,99.0,5.0,2,SEPHORA EXCLUSIVE
https://www.sephora.sg/products/elemis-hayley-menzies-kit-limited-edition,ELEMIS,Hayley Menzies Kit (Limited Edition),120.0,5.0,2,0
https://www.sephora.sg/products/origins-fan-favourites-charcoal-mask-frothy-face-wash-and-acne-treatment-trio-skincare-set,ORIGINS,"Fan Favourites - Charcoal Mask, Frothy Face Wash & Acne Treatment Trio Skincare Set",81.0,5.0,2,0
https://www.sephora.sg/products/peter-thomas-roth-anti-aging-makeup-removing-cleansing-oil,PETER THOMAS ROTH,Anti-Aging Makeup Removing Cleansing Oil,55.0,3.2,5,0
https://www.sephora.sg/products/juice-beauty-stem-cellular-2-in-1-cleanser,JUICE BEAUTY,Stem Cellular™ 2-In-1 Cleanser,53.0,4.6,14,SEPHORA EXCLUSIVE
https://www.sephora.sg/products/shiseido-extra-rich-cleansing-milk,SHISEIDO,Extra Rich Cleansing Milk,60.0,4.0,4,0
https://www.sephora.sg/products/elemis-superfood-cica-calm-cleansing-foam,ELEMIS,Superfood Cica Calm Cleansing Foam,50.0,NA,NA,0
https://www.sephora.sg/products/origins-see-a-clear-improvement-detox-skincare-regimen-set,ORIGINS,See A Clear Improvement - Detox Skincare Regimen Set,107.0,4.8,6,0
https://www.sephora.sg/products/drgl-cleanser-brightening,DRGL,Cleanser Brightening,88.0,4.3,3,0
https://www.sephora.sg/products/clinique-brightening-essentials-skincare-set-limited-edition,CLINIQUE,Brightening Essentials Skincare Set (Limited Edition),128.0,NA,NA,0
https://www.sephora.sg/products/origins-plantscription-anti-aging-set,ORIGINS,Plantscription Anti-Aging Set,167.0,NA,NA,0
https://www.sephora.sg/products/la-mer-the-replenishing-moisture-collection-set-limited-edition,LA MER,The Replenishing Moisture Collection Set (Limited Edition),350.0,NA,NA,0
https://www.sephora.sg/products/clinique-all-in-one-cleansing-micellar-milk-plus-makeup-remover/v/i-slash-ii-combination-oily-to-oily,CLINIQUE,All-in-One Cleansing Micellar Milk + Makeup Remover,55.0,3.8,26,0
https://www.sephora.sg/products/dior-capture-totale-super-potent-cleanser-anti-pollution-purifying-foam,DIOR,Capture Totale Super Potent Cleanser Anti-Pollution Purifying Foam,87.0,4.7,11,0
https://www.sephora.sg/products/estee-lauder-advanced-night-micro-cleansing-balm,ESTÉE LAUDER,Advanced Night Micro Cleansing Balm,75.0,4.6,83,0
https://www.sephora.sg/products/eve-lom-cleanser/v/200ml,EVE LOM,Cleanser,188.0,4.3,689,0
https://www.sephora.sg/products/herbivore-botanicals-skin-in-the-clouds-mini-skincare-set,HERBIVORE BOTANICALS,Skin In The Clouds Mini Skincare Set,50.0,4.1,9,SEPHORA EXCLUSIVE
https://www.sephora.sg/products/alpha-h-melting-moment-cleansing-balm-with-wild-orange-leaf-extract,ALPHA-H,Melting Moment Cleansing Balm with Wild Orange Leaf Extract,75.0,4.6,10,SEPHORA EXCLUSIVE
https://www.sephora.sg/products/talika-skintelligence-hydra-moisturising-foaming-cleanser,TALIKA,Skintelligence Hydra - Moisturising Foaming Cleanser,33.0,5.0,1,0
https://www.sephora.sg/products/sephora-collection-cleansing-and-soothing-micellar-gel,SEPHORA COLLECTION,Cleansing & Soothing Micellar Gel,29.0,4.5,4,SEPHORA EXCLUSIVE
https://www.sephora.sg/products/skin-inc-pure-serum-infused-o2-cleanser,SKIN INC,Pure Serum Infused O2 Cleanser,52.0,5.0,4,0
https://www.sephora.sg/products/mario-badescu-gentle-foaming-cleanser,MARIO BADESCU,Gentle Foaming Cleanser,27.0,4.3,4,SEPHORA EXCLUSIVE
https://www.sephora.sg/products/alpha-h-eveyday-fresh-cotton-cloths,ALPHA-H,Everyday Fresh Cotton Cloths,34.0,3.6,11,SEPHORA EXCLUSIVE
https://www.sephora.sg/products/pixi-double-cleanse,PIXI,Double Cleanse,41.0,4.0,21,0
https://www.sephora.sg/products/skin-inc-pure-prodew-cleansing-foam,SKIN INC,Pure Prodew Cleansing Foam,78.0,4.3,79,0
https://www.sephora.sg/products/pixi-glow-mud-cleanser,PIXI,Glow Mud Cleanser,31.0,4.2,176,0
https://www.sephora.sg/products/glo-skin-beauty-hydra-bright-aha-cleanser,GLO SKIN BEAUTY,Hydra-Bright AHA Cleanser,63.0,NA,NA,0
https://www.sephora.sg/products/clinique-all-about-clean-liquid-facial-soap-extra-mild,CLINIQUE,All About Clean™ Liquid Facial Soap (Extra Mild),39.0,3.7,34,0
https://www.sephora.sg/products/drunk-elephant-trunk-6-dot-0-skincare-set,DRUNK ELEPHANT,Trunk 6.0 Skincare Set,650.0,5.0,1,NEW | SEPHORA EXCLUSIVE
https://www.sephora.sg/products/saturday-skin-melt-plus-cleanse-makeup-melting-balm,SATURDAY SKIN,Melt+ Cleanse Makeup Melting Balm,53.0,NA,NA,NEW | SEPHORA EXCLUSIVE
https://www.sephora.sg/products/peter-thomas-roth-pre-treatment-exfoliating-cleanser,PETER THOMAS ROTH,Pre-Treatment Exfoliating Cleanser,60.0,NA,NA,NEW | SEPHORA EXCLUSIVE
https://www.sephora.sg/products/glo-skin-beauty-hydra-bright-aha-glow-peel-kit,GLO SKIN BEAUTY,Hydra-Bright AHA Glow Peel Kit,142.0,5.0,2,NEW | SEPHORA EXCLUSIVE
https://www.sephora.sg/products/allies-of-skin-nighttime-allies-kit,ALLIES OF SKIN,Nighttime Allies Kit,96.0,NA,NA,NEW | SEPHORA EXCLUSIVE
https://www.sephora.sg/products/allies-of-skin-daytime-allies-kit,ALLIES OF SKIN,Daytime Allies Kit,96.0,NA,NA,NEW | SEPHORA EXCLUSIVE
https://www.sephora.sg/products/fresh-cleanse-and-treat-trio-christmas-limited-edition,FRESH,Cleanse & Treat Trio (Christmas Limited Edition),95.0,NA,NA,NEW | SEPHORA EXCLUSIVE
https://www.sephora.sg/products/caudalie-vinosource-hydra-my-first-hydrating-essentials-set-christmas-limited-edition,CAUDALIE,Vinosource-Hydra My First Hydrating Essentials Set (Christmas Limited Edition),66.0,NA,NA,NEW | SEPHORA EXCLUSIVE
https://www.sephora.sg/products/by-terry-cellularose-micellar-water-cleanser,BY TERRY,Cellularose Micellar Water Cleanser,85.0,NA,NA,NEW | SEPHORA EXCLUSIVE
https://www.sephora.sg/products/malin-plus-goetz-facial-cleansing-oil,MALIN + GOETZ,Facial Cleansing Oil,67.0,5.0,1,0
https://www.sephora.sg/products/glo-skin-beauty-brighten-plus-glow-elevated-essentials-set,GLO SKIN BEAUTY,Brighten + Glow Elevated Essentials Set,209.0,NA,NA,0
https://www.sephora.sg/products/votary-cleansing-oil-rose-geranium-and-apricot,VOTARY,Cleansing Oil - Rose Geranium And Apricot,99.0,4.3,6,SEPHORA EXCLUSIVE
https://www.sephora.sg/products/saturday-skin-rise-plus-shine-gentle-cleanser,SATURDAY SKIN,Rise + Shine Gentle Cleanser,38.0,4.4,1064,SEPHORA EXCLUSIVE
https://www.sephora.sg/products/eve-lom-foaming-cream-cleanser,EVE LOM,Foaming Cream Cleanser,88.0,NA,NA,SEPHORA EXCLUSIVE
https://www.sephora.sg/products/givenchy-skin-ressource-liquid-cleansing-balm,GIVENCHY,Skin Ressource Liquid Cleansing Balm,50.0,NA,NA,SEPHORA EXCLUSIVE
https://www.sephora.sg/products/mac-cosmetics-lightful-c3-clarifying-gel-to-foam-deep-cleanser,MAC COSMETICS,Lightful C³ Clarifying Gel-To-Foam Deep Cleanser,56.0,NA,NA,SEPHORA EXCLUSIVE
https://www.sephora.sg/products/estee-lauder-perfectly-clean-multi-action-cleansing-gelee-slash-refiner,ESTÉE LAUDER,Perfectly Clean Multi-Action Cleansing Gelee/Refiner 150ml,55.0,4.5,10,0
https://www.sephora.sg/products/la-mer-the-cleansing-gel,LA MER,The Cleansing Gel,205.0,4.3,75,0
https://www.sephora.sg/products/drunk-elephant-the-littles-night-out-skincare-set,DRUNK ELEPHANT,The Littles™ Night Out Skincare Set,72.0,4.2,6,SEPHORA EXCLUSIVE
https://www.sephora.sg/products/first-aid-beauty-pure-skin-deep-cleanser-with-red-clay,FIRST AID BEAUTY,Pure Skin Deep Cleanser With Red Clay,37.0,4.3,1071,0
https://www.sephora.sg/products/malin-plus-goetz-facial-cleansing-oil,MALIN + GOETZ,Facial Cleansing Oil,67.0,5.0,1,0
https://www.sephora.sg/products/glo-skin-beauty-brighten-plus-glow-elevated-essentials-set,GLO SKIN BEAUTY,Brighten + Glow Elevated Essentials Set,209.0,NA,NA,0
https://www.sephora.sg/products/votary-cleansing-oil-rose-geranium-and-apricot,VOTARY,Cleansing Oil - Rose Geranium And Apricot,99.0,4.3,6,SEPHORA EXCLUSIVE
https://www.sephora.sg/products/saturday-skin-rise-plus-shine-gentle-cleanser,SATURDAY SKIN,Rise + Shine Gentle Cleanser,38.0,4.4,1064,SEPHORA EXCLUSIVE
https://www.sephora.sg/products/eve-lom-foaming-cream-cleanser,EVE LOM,Foaming Cream Cleanser,88.0,NA,NA,SEPHORA EXCLUSIVE
https://www.sephora.sg/products/givenchy-skin-ressource-liquid-cleansing-balm,GIVENCHY,Skin Ressource Liquid Cleansing Balm,50.0,NA,NA,SEPHORA EXCLUSIVE
https://www.sephora.sg/products/mac-cosmetics-lightful-c3-clarifying-gel-to-foam-deep-cleanser,MAC COSMETICS,Lightful C³ Clarifying Gel-To-Foam Deep Cleanser,56.0,NA,NA,SEPHORA EXCLUSIVE
https://www.sephora.sg/products/la-mer-the-cleansing-gel,LA MER,The Cleansing Gel,205.0,4.3,75,0
https://www.sephora.sg/products/estee-lauder-perfectly-clean-multi-action-cleansing-gelee-slash-refiner,ESTÉE LAUDER,Perfectly Clean Multi-Action Cleansing Gelee/Refiner 150ml,55.0,4.5,10,0
https://www.sephora.sg/products/drunk-elephant-the-littles-night-out-skincare-set,DRUNK ELEPHANT,The Littles™ Night Out Skincare Set,72.0,4.2,6,SEPHORA EXCLUSIVE
https://www.sephora.sg/products/dior-prestige-la-mousse-micellaire-face-cleanser,DIOR,Prestige La Mousse Micellaire Face Cleanser,148.0,5.0,1,0
https://www.sephora.sg/products/foreo-micro-foam-cleanser,FOREO,Micro-Foam Cleanser,78.0,NA,NA,0
https://www.sephora.sg/products/drgl-cleanser-acne/v/240ml,DRGL,Cleanser Acne,128.0,3.0,1,0
https://www.sephora.sg/products/glamglow-supercleanse-clearing-cream-to-foam-cleanser,GLAMGLOW,Supercleanse™ Clearing Cream-to-Foam Cleanser,46.0,4.0,659,SEPHORA EXCLUSIVE
https://www.sephora.sg/products/drgl-cleanser-clarifying,DRGL,Cleanser Clarifying,78.0,NA,NA,SEPHORA EXCLUSIVE
https://www.sephora.sg/products/juice-beauty-green-apple-brightening-gel-cleanser,JUICE BEAUTY,Green Apple Brightening Gel Cleanser,43.0,3.7,24,SEPHORA EXCLUSIVE
https://www.sephora.sg/products/peter-thomas-roth-water-drench-hyaluronic-cloud-makeup-removing-gel-cleanser,PETER THOMAS ROTH,Water Drench Hyaluronic Cloud Makeup Removing Gel Cleanser,55.0,4.5,13,0
https://www.sephora.sg/products/first-aid-beauty-pure-skin-deep-cleanser-with-red-clay,FIRST AID BEAUTY,Pure Skin Deep Cleanser With Red Clay,37.0,4.3,1071,0
https://www.sephora.sg/products/guerlain-abeille-royale-cleansing-oil,GUERLAIN,Abeille Royale Cleansing Oil,92.0,4.4,5,0
https://www.sephora.sg/products/it-cosmetics-beautiful-together-confidence-boosting-routine-set-christmas-limited-edition,IT COSMETICS,Beautiful Together Confidence Boosting Routine Set (Christmas Limited Edition),89.0,NA,NA,0
https://www.sephora.sg/products/innisfree-green-tea-hydrating-amino-acid-cleansing-water,INNISFREE,Green Tea Hydrating Amino Acid Cleansing Water,21.0,NA,NA,0
https://www.sephora.sg/products/it-cosmetics-beautiful-together-skin-rejuvinating-routine-set-christmas-limited-edition,IT COSMETICS,Beautiful Together Skin Rejuvinating Routine Set (Christmas Limited Edition),117.0,NA,NA,0
https://www.sephora.sg/products/dermalogica-ultracalming-cleanser,DERMALOGICA,Ultracalming™ Cleanser,79.0,4.5,200,0
https://www.sephora.sg/products/dermalogica-active-clay-cleanser,DERMALOGICA,Active Clay Cleanser,68.0,4.5,24,0
https://www.sephora.sg/products/laneige-water-bank-blue-hyaluronic-cleansing-gel,LANEIGE,Water Bank Blue Hyaluronic Cleansing Gel,36.0,NA,NA,0
https://www.sephora.sg/products/by-terry-baume-de-rose-micellar-water,BY TERRY,Baume De Rose Micellar Water,77.0,NA,NA,0
https://www.sephora.sg/products/hanz-de-fuko-gentle-face-wash,HANZ DE FUKO,Gentle Face Wash,39.0,5.0,2,0
https://www.sephora.sg/products/doers-of-london-facial-cleanser,DOERS OF LONDON,Facial Cleanser,36.0,3.0,3,0
https://www.sephora.sg/products/three-balancing-foam-r,THREE,Balancing Foam R,60.0,4.8,4,0
https://www.sephora.sg/products/drgl-cleanser-oil-control/v/240ml,DRGL,Cleanser Oil Control,108.0,4.8,4,0
https://www.sephora.sg/products/glamglow-instant-hits-award-winning-masks-and-moisturizer-set-mini,GLAMGLOW,Instant Hits Award Winning Masks & Moisturizer Set Mini,60.0,4.0,3,SEPHORA EXCLUSIVE
https://www.sephora.sg/products/sulwhasoo-herbal-soap-set,SULWHASOO,Herbal Soap Set,55.0,NA,NA,SEPHORA EXCLUSIVE
https://www.sephora.sg/products/bybi-beauty-swipe-clean,BYBI BEAUTY,Swipe Clean Facial Cleansing Oil and Makeup Remover,50.0,4.8,9,SEPHORA EXCLUSIVE
https://www.sephora.sg/products/glamglow-gentlebubble-daily-conditioning-cleanser,GLAMGLOW,Gentlebubble™ Daily Conditioning Cleanser,40.0,4.0,257,SEPHORA EXCLUSIVE
https://www.sephora.sg/products/elemis-dynamic-resurfacing-facial-wash,ELEMIS,Dynamic Resurfacing Facial Wash,78.0,4.0,1,0
https://www.sephora.sg/products/cle-de-peau-softening-cleansing-foam,CLE DE PEAU,Softening Cleansing Foam,92.0,4.2,60,0
https://www.sephora.sg/products/juice-beauty-blemish-clearing-cleanser,JUICE BEAUTY,Blemish Clearing Cleanser,43.0,4.1,127,SEPHORA EXCLUSIVE
https://www.sephora.sg/products/indie-lee-soothing-cleanser,INDIE LEE,Soothing Cleanser,36.0,3.6,5,SEPHORA EXCLUSIVE
https://www.sephora.sg/products/drgl-cleanser-lightening-plus/v/240ml,DRGL,Cleanser Lightening Plus,198.0,4.0,1,0
https://www.sephora.sg/products/origins-clear-improvement-zero-oil-active-charcoal-detoxifying-cleanser-to-clear-pores,ORIGINS,Clear Improvement™ Zero Oil Active Charcoal Detoxifying Cleanser to Clear Pores,43.0,3.4,12,0
https://www.sephora.sg/products/edible-beauty-no-1-belle-frais-cleansing-milk-200ml,EDIBLE BEAUTY,No. 1 Belle Frais Cleansing Milk,67.0,4.2,87,SEPHORA EXCLUSIVE
https://www.sephora.sg/products/mario-badescu-special-cleansing-lotion-o-236ml,MARIO BADESCU,"Special Cleansing Lotion ""O""",24.0,4.3,46,SEPHORA EXCLUSIVE
https://www.sephora.sg/products/mario-badescu-orange-cleansing-soap-236ml,MARIO BADESCU,Orange Cleansing Soap,26.0,3.3,29,SEPHORA EXCLUSIVE
https://www.sephora.sg/products/mario-badescu-seaweed-cleansing-soap-236ml,MARIO BADESCU,Seaweed Cleansing Soap,23.0,3.8,42,SEPHORA EXCLUSIVE
https://www.sephora.sg/products/kopari-tropical-glow-cleanser,KOPARI,Tropical Glow Cleanser,42.0,3.8,9,SEPHORA EXCLUSIVE
https://www.sephora.sg/products/pixi-purifying-trio-skincare-kit,PIXI,Purifying Trio Skincare Kit Mini,37.0,4.0,2,0
https://www.sephora.sg/products/star-skin-orglamic-celery-juice-healthy-hybrid-cleansing-balm,STARSKIN,ORGLAMIC™ Celery Juice Healthy Hybrid Cleansing Balm,51.0,1.0,1,SEPHORA EXCLUSIVE
https://www.sephora.sg/products/alpha-h-skin-staples-kit-skincare-set,ALPHA-H,Skin Staples Kit Skincare Set,80.0,1.0,1,SEPHORA EXCLUSIVE
https://www.sephora.sg/products/eve-lom-gel-balm-cleanser/v/default,EVE LOM,Gel Balm Cleanser,110.0,3.0,75,0
https://www.sephora.sg/products/sunday-riley-blue-moon-tranquility-cleansing-balm,SUNDAY RILEY,Blue Moon Tranquility Cleansing Balm,80.0,4.3,298,SEPHORA EXCLUSIVE
https://www.sephora.sg/products/jack-black-pure-clean-daily-facial-cleanser/v/177ml,JACK BLACK,Pure Clean Daily Facial Cleanser,35.0,4.6,240,SEPHORA EXCLUSIVE
https://www.sephora.sg/products/dear-dahlia-skin-conditioning-micellar-cleansing-water,DEAR DAHLIA,Skin Conditioning Micellar Cleansing Water,51.0,3.5,2,SEPHORA EXCLUSIVE
https://www.sephora.sg/products/pai-skincare-middlemist-seven-camellia-and-rose-gentle-cream-cleanser,PAI SKINCARE,Middlemist Seven Camellia & Rose Gentle Cream Cleanser,74.0,NA,NA,SEPHORA EXCLUSIVE
https://www.sephora.sg/products/kora-organics-by-miranda-kerr-milky-mushroom-gentle-cleansing-oil,KORA ORGANICS BY MIRANDA KERR,Milky Mushroom Gentle Cleansing Oil,62.0,4.5,479,0
https://www.sephora.sg/products/alpha-h-triple-action-cleanser/v/185ml,ALPHA-H,Triple Action Cleanser,61.0,4.4,33,SEPHORA EXCLUSIVE
https://www.sephora.sg/products/farmacy-clean-bee-ultra-gentle-facial-cleanser,FARMACY,Clean Bee Ultra-Gentle Facial Cleanser,45.0,4.0,889,SEPHORA EXCLUSIVE
https://www.sephora.sg/products/boscia-makeup-breakup-cool-cleansing-oil,BOSCIA,MakeUp-BreakUp Cool Cleansing Oil,59.0,4.5,2859,SEPHORA EXCLUSIVE
https://www.sephora.sg/products/burts-bees-sensitive-facial-cleanser,BURT'S BEES,Sensitive Facial Cleanser,35.0,NA,NA,SEPHORA EXCLUSIVE
https://www.sephora.sg/products/tarte-sea-deep-dive-makeup-removing-gel-cleanser/v/default,TARTE,Sea Deep Dive Makeup Removing Gel Cleanser,44.0,4.3,1373,SEPHORA EXCLUSIVE
https://www.sephora.sg/products/dermalogica-precleanse,DERMALOGICA,Precleanse,83.0,4.6,1162,0
https://www.sephora.sg/products/eve-lom-radiant-renewal-ritual-set-christmas-limited-edition,EVE LOM,Radiant Renewal Ritual Set (Christmas Limited Edition),185.0,NA,NA,0
https://www.sephora.sg/products/foreo-skin-supremes-luna-play-smart-2-set-christmas-limited-edition,FOREO,Skin Supremes Luna™ Play Smart 2 Set (Christmas Limited Edition),159.0,NA,NA,0
https://www.sephora.sg/products/farmacy-healthy-skin-starter-kit,FARMACY,Healthy Skin Starter Kit,73.0,4.8,82,SEPHORA EXCLUSIVE
https://www.sephora.sg/products/laneige-water-bank-blue-hyaluronic-cleansing-oil,LANEIGE,Water Bank Blue Hyaluronic Cleansing Oil,53.0,NA,NA,SEPHORA EXCLUSIVE
https://www.sephora.sg/products/dior-cleansing-milk,DIOR,Cleansing Milk,69.0,5.0,1,0
https://www.sephora.sg/products/fresh-cleanse-and-moisturize-duo,FRESH,Cleanse & Moisturize Duo,41.0,5.0,20,0
https://www.sephora.sg/products/ole-henriksen-balance-it-all-oil-control-and-pore-refining-set,OLE HENRIKSEN,Balance It All™ Oil Control & Pore-Refining Set,59.0,3.8,44,SEPHORA EXCLUSIVE
https://www.sephora.sg/products/malin-plus-goetz-face-duo-min-kit,MALIN + GOETZ,Face Duo Min Kit,28.0,5.0,1,0
https://www.sephora.sg/products/lancome-clarifique-clear-skin-starter-kit,LANCÔME,Clarifique Clear Skin Starter Kit,98.0,4.1,9,0
https://www.sephora.sg/products/skyn-iceland-micellar-cleansing-water,SKYN ICELAND,Micellar Cleansing Water,40.0,5.0,5,SEPHORA EXCLUSIVE
https://www.sephora.sg/products/by-terry-cellularose-cleansing-oil,BY TERRY,Cellularose Cleansing Oil,90.0,NA,NA,SEPHORA EXCLUSIVE
https://www.sephora.sg/products/drunk-elephant-e-rase-milki-micellar-water,DRUNK ELEPHANT,E-Rase™ Milki Micellar Water,40.0,4.3,922,SEPHORA EXCLUSIVE
https://www.sephora.sg/products/laura-mercier-soothing-eye-makeup-remover,LAURA MERCIER,Soothing Eye Makeup Remover,45.0,NA,NA,SEPHORA EXCLUSIVE
https://www.sephora.sg/products/shu-uemura-botanicoil-cleansing-oil-set,SHU UEMURA,Botanicoil Cleansing Oil Set,66.0,5.0,2,0
https://www.sephora.sg/products/drunk-elephant-e-rase-milki-micellar-water-midi,DRUNK ELEPHANT,E-Rase™ Milki Micellar Water Midi,20.0,4.0,5,SEPHORA EXCLUSIVE
https://www.sephora.sg/products/lancome-galateis-douceur,LANCÔME,Galateis Douceur,72.0,4.5,14,0
https://www.sephora.sg/products/lab-series-daily-rescue-gel-cleanser,LAB SERIES,Daily Rescue Gel Cleanser,45.0,NA,NA,0
https://www.sephora.sg/products/clinique-take-the-day-off-cleansing-oil-200ml,CLINIQUE,Take The Day Off Cleansing Oil,60.0,4.5,59,0
https://www.sephora.sg/products/origins-mega-skin-soothers-set,ORIGINS,Mega Skin Soothers Set,65.0,5.0,3,0
https://www.sephora.sg/products/beautyblender-beautyblender-r-original-plus-mini-solid-cleanser-kit,BEAUTYBLENDER,Beautyblender® Original + Mini Solid Cleanser Kit,38.0,4.5,717,SEPHORA EXCLUSIVE
https://www.sephora.sg/products/sephora-collection-original-cleansing-face-wipes-mini/v/coconut-water,SEPHORA COLLECTION,Original Cleansing Face Wipes (Mini),6.0,4.2,230,SEPHORA EXCLUSIVE
https://www.sephora.sg/products/dr-dennis-gross-hydration-celebration-skincare-set,DR. DENNIS GROSS,Hydration Celebration Skincare Set,205.0,4.6,5,SEPHORA EXCLUSIVE
https://www.sephora.sg/products/jack-black-deep-dive-glycolic-facial-cleanser,JACK BLACK,Deep Dive™ Glycolic Facial Cleanser,39.0,4.6,277,SEPHORA EXCLUSIVE
https://www.sephora.sg/products/sunday-riley-special-delivery-skincare-kit,SUNDAY RILEY,Special Delivery Skincare Kit,173.0,5.0,2,SEPHORA EXCLUSIVE
https://www.sephora.sg/products/sephora-collection-clarifying-face-care-kit,SEPHORA COLLECTION,Clarifying Face Care Kit,45.0,4.2,62,SEPHORA EXCLUSIVE
https://www.sephora.sg/products/sephora-collection-men-exfoliating-cleansing-gel,SEPHORA COLLECTION,Men Exfoliating Cleansing Gel,22.0,4.4,17,SEPHORA EXCLUSIVE
https://www.sephora.sg/products/nudestix-gentle-hyra-gel-face-cleanser,NUDESTIX,Gentle Hyra-Gel Face Cleanser,28.0,4.1,8,SEPHORA EXCLUSIVE
https://www.sephora.sg/products/sephora-collection-all-over-face-and-body-solid-cleanser/v/coconut-milk,SEPHORA COLLECTION,All-Over Face & Body Solid Cleanser,10.0,4.2,156,SEPHORA EXCLUSIVE
https://www.sephora.sg/products/sk-ii-pitera-deluxe-essentials-kit-limited-edition,SK-II,Pitera™ Deluxe Essentials Kit (Limited Edition),289.0,5.0,4,0
https://www.sephora.sg/products/drunk-elephant-drunk-break-a-night-to-remember-night-kit-limited-edition,DRUNK ELEPHANT,Drunk Break™: A Night to Remember Night Kit (Limited Edition),142.0,NA,NA,0
https://www.sephora.sg/products/eve-lom-begin-and-end-cleanser-and-moisture-cream-dual-pack-kit,EVE LOM,Begin & End Cleanser And Moisture Cream Dual Pack Kit,185.0,NA,NA,0
https://www.sephora.sg/products/fresh-lotus-day-and-night-skincare-set,FRESH,Lotus Day & Night Skincare Set,107.0,4.5,11,0
https://www.sephora.sg/products/fresh-rose-ritual-skincare-kit,FRESH,Rose Ritual Skincare Kit,99.0,4.8,10,0
https://www.sephora.sg/products/kora-organics-by-miranda-kerr-turmeric-glow-foaming-cleanser,KORA ORGANICS BY MIRANDA KERR,Turmeric Glow Foaming Cleanser,62.0,4.7,258,0
https://www.sephora.sg/products/nudestix-nudeskin-vegan-bamboo-derived-cleansing-cloths,NUDESTIX,Nudeskin Vegan Bamboo Derived Cleansing Cloths,47.0,NA,NA,0
https://www.sephora.sg/products/burts-bees-intense-hydration-cream-cleanser,BURT'S BEES,Intense Hydration Cream Cleanser,35.0,3.7,7,0
https://www.sephora.sg/products/burts-bees-soap-bark-and-chamomile-deep-cleansing-cream,BURT'S BEES,Soap Bark & Chamomile Deep Cleansing Cream,28.0,3.9,21,0
https://www.sephora.sg/products/malin-plus-goetz-saving-face-skincare-set,MALIN + GOETZ,Saving Face Skincare Set,142.0,NA,NA,0
https://www.sephora.sg/products/malin-plus-goetz-face-body-and-hair-essential-kit,MALIN + GOETZ,"Face, Body & Hair Essential Kit",49.0,NA,NA,0
https://www.sephora.sg/products/philosophy-cleanse-mask-moisturizer-skincare-gift-set,PHILOSOPHY,"Cleanse, Mask, Moisturizer Skincare Gift Set",48.0,5.0,1,0
https://www.sephora.sg/products/bobbi-brown-soothing-cleansing-oil-duo,BOBBI BROWN,Soothing Cleansing Oil Duo,82.0,5.0,2,0
https://www.sephora.sg/products/origins-mega-mushroom-soothing-and-fortifying-regimen-skincare-set,ORIGINS,Mega-Mushroom Soothing & Fortifying Regimen Skincare Set (Limited Edition),183.0,4.7,3,0
https://www.sephora.sg/products/sulwhasoo-snowise-brightening-cleansing-foam-facial-cleanser,SULWHASOO,Snowise Brightening Cleansing Foam Facial Cleanser,52.0,4.8,5,0
https://www.sephora.sg/products/sand-and-sky-australian-pink-clay-deep-pore-cleanser,SAND & SKY,Australian Pink Clay - Deep Pore Cleanser,44.0,4.5,2,0
https://www.sephora.sg/products/clinique-3-step-skin-care-set,CLINIQUE,3-Step Skin care Set,47.0,5.0,2,0
https://www.sephora.sg/products/malin-plus-goetz-face-body-and-hair-mini-essential-kit,MALIN + GOETZ,"Face, Body & Hair Mini Essential Kit",49.0,5.0,1,0
https://www.sephora.sg/products/laneige-laneige-x-maison-kitsune-phone-crossbody-neo-cushion-n21-set,LANEIGE,Laneige X Maison Kitsune Phone Crossbody Neo Cushion N21 Set,92.0,NA,NA,0
https://www.sephora.sg/products/laneige-laneige-x-maison-kitsune-bag-neo-cushion-n23-set,LANEIGE,Laneige X Maison Kitsune Bag Neo Cushion N23 Set,95.0,NA,NA,0
https://www.sephora.sg/products/laneige-laneige-x-maison-kitsune-eco-bag-neo-cushion-n21-set,LANEIGE,Laneige X Maison Kitsune Eco Bag Neo Cushion N21 Set,95.0,5.0,1,0
https://www.sephora.sg/products/ole-henriksen-splashing-stars-cleanser-and-scrub-duo,OLE HENRIKSEN,Splashing Stars Cleanser & Scrub Duo,44.0,4.3,33,SEPHORA EXCLUSIVE
https://www.sephora.sg/products/shu-uemura-ultime8-cleansing-oil-set,SHU UEMURA,Ultime8 Cleansing Oil Set,66.0,5.0,2,0
https://www.sephora.sg/products/laura-mercier-purifying-micellar-water,LAURA MERCIER,Purifying Micellar Water,55.0,NA,NA,0
https://www.sephora.sg/products/laura-mercier-skin-essentials-collection,LAURA MERCIER,Skin Essentials Collection,110.0,5.0,2,0
https://www.sephora.sg/products/bybi-beauty-crystal-clear-gel-cleanser,BYBI BEAUTY,Crystal Clear Gel Cleanser,46.0,3.3,3,SEPHORA EXCLUSIVE
https://www.sephora.sg/products/la-mer-moisture-collection-skincare-set,LA MER,Moisture Collection Skincare Set,560.0,5.0,2,0
https://www.sephora.sg/products/augustinus-bader-the-cream-cleansing-gel,AUGUSTINUS BADER,The Cream Cleansing Gel,100.0,4.5,651,0
https://www.sephora.sg/products/peter-thomas-roth-beta-hydroxy-acid-2-percent-acne-wash-250ml,PETER THOMAS ROTH,Acne Clearing Wash,69.0,4.2,157,0
https://www.sephora.sg/products/clinique-anti-blemish-solutions-cleansing-gel,CLINIQUE,Anti-Blemish Solutions Cleansing Gel,46.0,4.6,19,0
https://www.sephora.sg/products/wander-beauty-drift-away-cleanser,WANDER BEAUTY,Drift Away™ Cleanser,52.0,5.0,2,SEPHORA EXCLUSIVE
https://www.sephora.sg/products/laneige-laneige-x-maison-kitsune-phone-crossbody-neo-cushion-n23-set,LANEIGE,Laneige X Maison Kitsune Phone Crossbody Neo Cushion N23 Set,92.0,NA,NA,SEPHORA EXCLUSIVE
https://www.sephora.sg/products/elemis-pro-collagen-cleansing-balm,ELEMIS,Pro-Collagen Cleansing Balm,98.0,5.0,6,0
https://www.sephora.sg/products/innisfree-volcanic-pore-cleansing-foam-ex,INNISFREE,Volcanic Pore Cleansing Foam EX,13.0,4.5,18,0
https://www.sephora.sg/products/drunk-elephant-the-night-is-young-kit,DRUNK ELEPHANT,The Night Is Young Kit,92.0,5.0,2,SEPHORA EXCLUSIVE
https://www.sephora.sg/products/fenty-skin-startr-refresh-skincare-set,FENTY SKIN,Start'R Refresh Skincare Set,71.0,4.7,9,SEPHORA EXCLUSIVE
https://www.sephora.sg/products/kora-organics-by-miranda-kerr-cream-cleanser,KORA ORGANICS BY MIRANDA KERR,Cream Cleanser,44.0,4.4,33,0
https://www.sephora.sg/products/kora-organics-by-miranda-kerr-foaming-cleanser,KORA ORGANICS BY MIRANDA KERR,Foaming Cleanser,44.0,4.7,29,0
https://www.sephora.sg/products/burts-bees-sensitive-facial-cleansing-towelettes,BURT'S BEES,Sensitive Facial Cleansing Towelettes,21.0,3.1,9,0
https://www.sephora.sg/products/skin-inc-skin-revival-infusion-cleanser,SKIN INC,Skin Revival Infusion Cleanser,52.0,NA,NA,0
https://www.sephora.sg/products/burts-bees-skin-nourishment-gentle-facial-cleanser,BURT'S BEES,Skin Nourishment Gentle Facial Cleanser,35.0,3.5,4,0
https://www.sephora.sg/products/burts-bees-orange-essence-facial-cleanser,BURT'S BEES,Orange Essence Facial Cleanser,28.0,3.2,6,0
https://www.sephora.sg/products/fresh-rose-deep-hydration-heroes-skincare-kit,FRESH,Rose Deep Hydration Heroes Skincare Kit,45.0,4.9,16,0
