pdt_url,brand,pdt_name,price,rating,num_reviews,sephora_exclusive,unique_id
https://www.sephora.sg/products/the-ordinary-natural-moisturizing-factors-plus-ha/v/100ml,THE ORDINARY,Natural Moisturizing Factors + HA,20.0,4.2,1991.0,0,THE ORDINARY-Natural Moisturizing Factors + HA
https://www.sephora.sg/products/ole-henriksen-strength-trainer-peptide-boost-moisturizer/v/50ml,OLE HENRIKSEN,Strength Trainer Peptide Boost Moisturizer,80.0,4.5,698.0,SEPHORA EXCLUSIVE,OLE HENRIKSEN-Strength Trainer Peptide Boost Moisturizer
https://www.sephora.sg/products/fresh-rose-deep-hydration-face-cream-moisturizer/v/50ml,FRESH,Rose Deep Hydration Face Cream Moisturizer,76.0,4.6,2106.0,0,FRESH-Rose Deep Hydration Face Cream Moisturizer
https://www.sephora.sg/products/ole-henriksen-cold-plunge-pore-remedy-moisturizer,OLE HENRIKSEN,Cold Plunge™ Pore Remedy Moisturizer,82.0,4.4,1052.0,SEPHORA EXCLUSIVE,OLE HENRIKSEN-Cold Plunge™ Pore Remedy Moisturizer
https://www.sephora.sg/products/bobbi-brown-vitamin-enriched-face-base-moisturizer-and-primer/v/50ml,BOBBI BROWN,Vitamin Enriched Face Base - Moisturizer and Primer,97.0,4.5,2783.0,0,BOBBI BROWN-Vitamin Enriched Face Base - Moisturizer and Primer
https://www.sephora.sg/products/ole-henriksen-hunt-for-hydration-mini-moisturizer-and-eye-creme-duo-christmas-limited-edition,OLE HENRIKSEN,Hunt For Hydration Mini Moisturizer & Eye Crème Duo (Christmas Limited Edition),39.0,5.0,1.0,NEW | SEPHORA EXCLUSIVE,OLE HENRIKSEN-Hunt For Hydration Mini Moisturizer & Eye Crème Duo (Christmas Limited Edition)
https://www.sephora.sg/products/first-aid-beauty-ultra-repair-cream/v/226g,FIRST AID BEAUTY,Ultra Repair Cream,69.0,4.5,10406.0,0,FIRST AID BEAUTY-Ultra Repair Cream
https://www.sephora.sg/products/tatcha-dewy-cleanse-and-hydrate-duo-christmas-limited-edition,TATCHA,Dewy Cleanse And Hydrate Duo (Christmas Limited Edition),45.0,,,0,TATCHA-Dewy Cleanse And Hydrate Duo (Christmas Limited Edition)
https://www.sephora.sg/products/glow-recipe-watermelon-glow-pink-juice-moisturizer/v/60ml,GLOW RECIPE,Watermelon Glow Pink Juice Moisturizer,62.0,4.0,2378.0,SEPHORA EXCLUSIVE,GLOW RECIPE-Watermelon Glow Pink Juice Moisturizer
https://www.sephora.sg/products/glow-recipe-plum-plump-hyaluronic-cream/v/50ml,GLOW RECIPE,Plum Plump Hyaluronic Cream,62.0,4.5,1096.0,NEW | SEPHORA EXCLUSIVE,GLOW RECIPE-Plum Plump Hyaluronic Cream
https://www.sephora.sg/products/tatcha-clarifying-cleanse-and-hydrate-duo-christmas-limited-edition,TATCHA,Clarifying Cleanse And Hydrate Duo (Christmas Limited Edition),45.0,,,NEW | SEPHORA EXCLUSIVE,TATCHA-Clarifying Cleanse And Hydrate Duo (Christmas Limited Edition)
https://www.sephora.sg/products/fresh-best-of-beauty-bundle-christmas-limited-edition,FRESH,Best Of Beauty Bundle (Christmas Limited Edition),58.0,4.8,4.0,0,FRESH-Best Of Beauty Bundle (Christmas Limited Edition)
https://www.sephora.sg/products/estee-lauder-revitalizing-supreme-plus-youth-power-soft-creme-moisturizer/v/75ml,ESTÉE LAUDER,Revitalizing Supreme+ Youth Power Soft Creme Moisturizer,197.0,5.0,3.0,0,ESTÉE LAUDER-Revitalizing Supreme+ Youth Power Soft Creme Moisturizer
https://www.sephora.sg/products/clinique-dramatically-different-moisturizing-gel,CLINIQUE,Dramatically Different Moisturizing Gel,62.0,4.5,291.0,0,CLINIQUE-Dramatically Different Moisturizing Gel
https://www.sephora.sg/products/fresh-best-selling-duo-christmas-limited-edition,FRESH,Best Selling Duo (Christmas Limited Edition),38.0,,,0,FRESH-Best Selling Duo (Christmas Limited Edition)
https://www.sephora.sg/products/clinique-moisture-surge-100h-auto-replenishing-hydrator-moisturiser/v/50ml,CLINIQUE,Moisture Surge 100H Auto-Replenishing Hydrator Moisturiser,78.0,4.3,1910.0,0,CLINIQUE-Moisture Surge 100H Auto-Replenishing Hydrator Moisturiser
https://www.sephora.sg/products/sk-ii-skinpower-airy-milky-lotion/v/80g,SK-II,Skinpower Airy Milky Lotion,245.0,4.2,17.0,0,SK-II-Skinpower Airy Milky Lotion
https://www.sephora.sg/products/tatcha-the-dewy-skin-cream/v/50ml,TATCHA,The Dewy Skin Cream,120.0,4.2,2962.0,SEPHORA EXCLUSIVE,TATCHA-The Dewy Skin Cream
https://www.sephora.sg/products/sk-ii-skinpower-cream/v/80g,SK-II,Skinpower Cream,245.0,4.1,14.0,0,SK-II-Skinpower Cream
https://www.sephora.sg/products/fenty-skin-instant-reset-overnight-recovery-gel-cream,FENTY SKIN,Instant Reset Overnight Recovery Gel-Cream,69.0,4.3,287.0,SEPHORA EXCLUSIVE,FENTY SKIN-Instant Reset Overnight Recovery Gel-Cream
https://www.sephora.sg/products/the-inkey-list-vitamin-b-c-and-e-moisturizer/v/50ml,THE INKEY LIST,"Vitamin B, C And E Moisturizer",12.0,4.2,870.0,SEPHORA EXCLUSIVE,"THE INKEY LIST-Vitamin B, C And E Moisturizer"
https://www.sephora.sg/products/fenty-skin-instant-reset-overnight-recovery-gel-cream-refill,FENTY SKIN,Instant Reset Overnight Recovery Gel-Cream Refill,62.0,4.8,29.0,SEPHORA EXCLUSIVE,FENTY SKIN-Instant Reset Overnight Recovery Gel-Cream Refill
https://www.sephora.sg/products/fenty-skin-hydra-vizor-invisible-broad-spectrum-spf-30-sunscreen-moisturizer/v/50ml,FENTY SKIN,Hydra Vizor Invisible Broad Spectrum SPF 30 Sunscreen Moisturizer,61.0,4.4,111.0,SEPHORA EXCLUSIVE,FENTY SKIN-Hydra Vizor Invisible Broad Spectrum SPF 30 Sunscreen Moisturizer
https://www.sephora.sg/products/lancome-uv-expert-xl-shield-fresh-uv-aqua-gel,LANCÔME,UV Expert Youth-Shield™ Aqua Gel SPF50 PA++++,83.0,4.3,6.0,0,LANCÔME-UV Expert Youth-Shield™ Aqua Gel SPF50 PA++++
https://www.sephora.sg/products/supergoop-every-single-face-spr-shield-watery-lotion-spf-50,SUPERGOOP!,Every Single Face SPR-Shield watery lotion SPF 50,50.0,4.7,34.0,SEPHORA EXCLUSIVE,SUPERGOOP!-Every Single Face SPR-Shield watery lotion SPF 50
https://www.sephora.sg/products/origins-mega-mushroom-magic-ultimate-skin-relief-collection-christmas-limited-edition,ORIGINS,Mega-Mushroom Magic Ultimate Skin Relief Collection (Christmas Limited Edition),65.0,5.0,1.0,0,ORIGINS-Mega-Mushroom Magic Ultimate Skin Relief Collection (Christmas Limited Edition)
https://www.sephora.sg/products/lancome-hydra-zen-cream-gel,LANCÔME,Hydra Zen Anti-Stress Moisturising Cream-Gel,109.0,4.6,1290.0,0,LANCÔME-Hydra Zen Anti-Stress Moisturising Cream-Gel
https://www.sephora.sg/products/the-inkey-list-bakuchiol-moisturizer,THE INKEY LIST,Bakuchiol Moisturizer,21.0,4.1,458.0,SEPHORA EXCLUSIVE,THE INKEY LIST-Bakuchiol Moisturizer
https://www.sephora.sg/products/fresh-lotus-youth-preserve-moisturizer-with-multi-action-super-lotus/v/50ml,FRESH,Lotus Youth Preserve Moisturizer With Multi-Action Super Lotus,95.0,4.4,1312.0,0,FRESH-Lotus Youth Preserve Moisturizer With Multi-Action Super Lotus
https://www.sephora.sg/products/egyptian-magic-egyptian-magic-cream/v/118ml,EGYPTIAN MAGIC,Egyptian Magic Cream,66.0,4.2,310.0,SEPHORA EXCLUSIVE,EGYPTIAN MAGIC-Egyptian Magic Cream
https://www.sephora.sg/products/ole-henriksen-c-rush-brightening-gel-creme/v/50ml,OLE HENRIKSEN,C-Rush Brightening Gel Crème,80.0,4.4,3129.0,SEPHORA EXCLUSIVE,OLE HENRIKSEN-C-Rush Brightening Gel Crème
https://www.sephora.sg/products/drunk-elephant-all-protinis-great-and-small-limited-edition,DRUNK ELEPHANT,All Protinis Great and Small (Limited Edition),108.0,,,0,DRUNK ELEPHANT-All Protinis Great and Small (Limited Edition)
https://www.sephora.sg/products/dr-jart-cicapair-cream,DR.JART+,Cicapair Cream,69.0,4.6,58.0,SEPHORA EXCLUSIVE,DR.JART+-Cicapair Cream
https://www.sephora.sg/products/the-inkey-list-peptide-moisturizer/v/50ml-5060879822061,THE INKEY LIST,Peptide Moisturizer,27.0,4.0,711.0,SEPHORA EXCLUSIVE,THE INKEY LIST-Peptide Moisturizer
https://www.sephora.sg/products/biossance-squalane-plus-probiotic-gel-moisturizer,BIOSSANCE,Squalane + Probiotic Gel Moisturizer,83.0,4.1,751.0,SEPHORA EXCLUSIVE,BIOSSANCE-Squalane + Probiotic Gel Moisturizer
https://www.sephora.sg/products/caudalie-vinosource-hydra-grape-water-gel-moisturizer,CAUDALIE,Vinosource-Hydra Grape Water Gel Moisturizer,58.0,4.3,200.0,SEPHORA EXCLUSIVE,CAUDALIE-Vinosource-Hydra Grape Water Gel Moisturizer
https://www.sephora.sg/products/drunk-elephant-protini-polypeptide-cream-mini,DRUNK ELEPHANT,Protini™ Polypeptide Cream Mini,32.0,4.6,7.0,SEPHORA EXCLUSIVE,DRUNK ELEPHANT-Protini™ Polypeptide Cream Mini
https://www.sephora.sg/products/glow-recipe-plum-plump-hyaluronic-cream-refill-pod,GLOW RECIPE,Plum Plump Hyaluronic Cream Refill Pod,53.0,5.0,2.0,SEPHORA EXCLUSIVE,GLOW RECIPE-Plum Plump Hyaluronic Cream Refill Pod
https://www.sephora.sg/products/laneige-cream-skin-refiner,LANEIGE,Cream Skin Refiner,38.0,4.5,15.0,0,LANEIGE-Cream Skin Refiner
https://www.sephora.sg/products/philosophy-hope-in-a-jar-smooth-glow-multi-tasking-moisturizer/v/15ml,PHILOSOPHY,Hope In A Jar Smooth-Glow Multi-Tasking Moisturizer,19.0,4.7,306.0,0,PHILOSOPHY-Hope In A Jar Smooth-Glow Multi-Tasking Moisturizer
https://www.sephora.sg/products/fenty-skin-hydra-vizor-invisible-broad-spectrum-spf-30-sunscreen-moisturizer-refill,FENTY SKIN,Hydra Vizor Invisible Broad Spectrum SPF 30 Sunscreen Moisturizer Refill,52.0,4.6,12.0,SEPHORA EXCLUSIVE,FENTY SKIN-Hydra Vizor Invisible Broad Spectrum SPF 30 Sunscreen Moisturizer Refill
https://www.sephora.sg/products/caudalie-resveratrol-lift-firming-cashmere-cream,CAUDALIE,Resveratrol-Lift Firming Cashmere Cream,88.0,4.7,346.0,SEPHORA EXCLUSIVE,CAUDALIE-Resveratrol-Lift Firming Cashmere Cream
https://www.sephora.sg/products/fresh-day-and-night-hydration-christmas-limited-edition,FRESH,Day & Night Hydration (Christmas Limited Edition),107.0,5.0,1.0,0,FRESH-Day & Night Hydration (Christmas Limited Edition)
https://www.sephora.sg/products/the-inkey-list-vitamin-c-serum,THE INKEY LIST,Vitamin C Serum,18.0,3.2,739.0,SEPHORA EXCLUSIVE,THE INKEY LIST-Vitamin C Serum
https://www.sephora.sg/products/origins-original-skin-matte-moisturizer-with-willowherb/v/default,ORIGINS,Original Skin™ Matte Moisturizer with Willowherb,67.0,4.4,2525.0,0,ORIGINS-Original Skin™ Matte Moisturizer with Willowherb
https://www.sephora.sg/products/innisfree-jeju-cherry-blossom-jelly-cream,INNISFREE,Jeju Cherry Blossom Jelly Cream,31.0,4.6,25.0,0,INNISFREE-Jeju Cherry Blossom Jelly Cream
https://www.sephora.sg/products/biossance-squalane-plus-omega-repair-cream,BIOSSANCE,Squalane + Omega Repair Cream,93.0,4.5,68.0,SEPHORA EXCLUSIVE,BIOSSANCE-Squalane + Omega Repair Cream
https://www.sephora.sg/products/dr-dennis-gross-advanced-retinol-plus-ferulic-intense-wrinkle-cream,DR. DENNIS GROSS,Advanced Retinol + Ferulic Intense Wrinkle Cream,120.0,4.8,140.0,SEPHORA EXCLUSIVE,DR. DENNIS GROSS-Advanced Retinol + Ferulic Intense Wrinkle Cream
https://www.sephora.sg/products/fresh-rose-deep-hydration-essentials-christmas-limited-edition,FRESH,Rose Deep Hydration Essentials (Christmas Limited Edition),128.0,4.5,2.0,0,FRESH-Rose Deep Hydration Essentials (Christmas Limited Edition)
https://www.sephora.sg/products/shiseido-energizing-moisturizer-extra-light-fluid,SHISEIDO,Energizing Moisturizer Extra Light Fluid,52.0,,,0,SHISEIDO-Energizing Moisturizer Extra Light Fluid
https://www.sephora.sg/products/origins-ginzing-energizing-gel-cream/v/75ml,ORIGINS,Ginzing™ Energizing Gel Cream,67.0,4.3,10.0,0,ORIGINS-Ginzing™ Energizing Gel Cream
https://www.sephora.sg/products/drunk-elephant-a-passioni-retinol-skincare-cream/v/30ml,DRUNK ELEPHANT,A-Passioni™ Retinol Skincare Cream,108.0,4.1,387.0,SEPHORA EXCLUSIVE,DRUNK ELEPHANT-A-Passioni™ Retinol Skincare Cream
https://www.sephora.sg/products/it-cosmetics-confidence-in-a-cream-transforming-moisturizing-super-cream/v/60ml,IT COSMETICS,Confidence in a Cream™ Transforming Moisturizing Super Cream,74.0,4.5,3609.0,0,IT COSMETICS-Confidence in a Cream™ Transforming Moisturizing Super Cream
https://www.sephora.sg/products/charlotte-tilbury-refillable-magic-cream-spf,CHARLOTTE TILBURY,Refillable Magic Cream SPF,150.0,4.2,5.0,SEPHORA EXCLUSIVE,CHARLOTTE TILBURY-Refillable Magic Cream SPF
https://www.sephora.sg/products/first-aid-beauty-ultra-repair-firming-collagen-cream,FIRST AID BEAUTY,Ultra Repair Firming Collagen Cream,63.0,4.5,553.0,0,FIRST AID BEAUTY-Ultra Repair Firming Collagen Cream
https://www.sephora.sg/products/charlotte-tilbury-charlottes-magic-cream/v/15ml,CHARLOTTE TILBURY,Charlotte's Magic Cream,50.0,4.5,15.0,SEPHORA EXCLUSIVE,CHARLOTTE TILBURY-Charlotte's Magic Cream
https://www.sephora.sg/products/drunk-elephant-protini-polypeptide-cream/v/50ml,DRUNK ELEPHANT,Protini™ Polypeptide Cream,98.0,4.0,6288.0,SEPHORA EXCLUSIVE,DRUNK ELEPHANT-Protini™ Polypeptide Cream
https://www.sephora.sg/products/supergoop-superscreen-daily-moisturizer-spf-40-pa-plus-plus-plus,SUPERGOOP!,Superscreen Daily Moisturizer SPF 40 PA+++,67.0,3.7,687.0,SEPHORA EXCLUSIVE,SUPERGOOP!-Superscreen Daily Moisturizer SPF 40 PA+++
https://www.sephora.sg/products/kora-organics-by-miranda-kerr-turmeric-glow-moisturizer,KORA ORGANICS BY MIRANDA KERR,Turmeric Glow Moisturizer,88.0,4.5,986.0,0,KORA ORGANICS BY MIRANDA KERR-Turmeric Glow Moisturizer
https://www.sephora.sg/products/sephora-collection-nourishing-moisturizer-cream,SEPHORA COLLECTION,Nourishing Moisturizer Cream,25.0,4.6,11.0,SEPHORA EXCLUSIVE,SEPHORA COLLECTION-Nourishing Moisturizer Cream
https://www.sephora.sg/products/sunday-riley-ceo-vitamin-c-rich-hydration-cream,SUNDAY RILEY,C.E.O. Vitamin C Rich Hydration Cream,104.0,4.4,31.0,SEPHORA EXCLUSIVE,SUNDAY RILEY-C.E.O. Vitamin C Rich Hydration Cream
https://www.sephora.sg/products/origins-tiny-trio-mini-cleansesr-serum-and-moisturizer-trio-christmas-limited-edition,ORIGINS,"Tiny Trio Mini Cleansesr, Serum & Moisturizer Trio (Christmas Limited Edition)",35.0,5.0,1.0,0,"ORIGINS-Tiny Trio Mini Cleansesr, Serum & Moisturizer Trio (Christmas Limited Edition)"
https://www.sephora.sg/products/glamglow-glowstarter-mega-illuminating-moisturizer/v/nude-glow,GLAMGLOW,Glowstarter Mega Illuminating Moisturizer,76.0,4.1,1146.0,SEPHORA EXCLUSIVE,GLAMGLOW-Glowstarter Mega Illuminating Moisturizer
https://www.sephora.sg/products/shiseido-white-lucent-brightening-gel-cream,SHISEIDO,White Lucent Brightening Gel Cream,100.0,3.5,4.0,0,SHISEIDO-White Lucent Brightening Gel Cream
https://www.sephora.sg/products/dr-jart-ceramidin-cream,DR.JART+,Ceramidin Cream,63.0,4.5,2164.0,SEPHORA EXCLUSIVE,DR.JART+-Ceramidin Cream
https://www.sephora.sg/products/drunk-elephant-lala-retro-whipped-cream,DRUNK ELEPHANT,Lala Retro™ Whipped Cream,86.0,4.2,1992.0,SEPHORA EXCLUSIVE,DRUNK ELEPHANT-Lala Retro™ Whipped Cream
https://www.sephora.sg/products/sk-ii-men-facial-treatment-essence/v/215ml,SK-II,MEN Facial Treatment Essence,309.0,4.4,62.0,0,SK-II-MEN Facial Treatment Essence
https://www.sephora.sg/products/lab-series-oil-control-moisturizer,LAB SERIES,Oil Control Moisturizer,58.0,,,0,LAB SERIES-Oil Control Moisturizer
https://www.sephora.sg/products/dr-dennis-gross-vitaminc-lactic-dewy-deep-cream,DR. DENNIS GROSS,VitaminC Lactic Dewy Deep Cream,114.0,4.8,245.0,SEPHORA EXCLUSIVE,DR. DENNIS GROSS-VitaminC Lactic Dewy Deep Cream
https://www.sephora.sg/products/sephora-collection-matte-moisturizer,SEPHORA COLLECTION,Matte Moisturizer,25.0,4.6,7.0,SEPHORA EXCLUSIVE,SEPHORA COLLECTION-Matte Moisturizer
https://www.sephora.sg/products/sephora-collection-all-day-hydrator/v/50ml,SEPHORA COLLECTION,All Day Hydrator,25.0,4.6,343.0,SEPHORA EXCLUSIVE,SEPHORA COLLECTION-All Day Hydrator
https://www.sephora.sg/products/sunday-riley-morning-buzz-trio-christmas-limited-edition,SUNDAY RILEY,Morning Buzz Trio (Christmas Limited Edition),156.0,5.0,1.0,NEW | SEPHORA EXCLUSIVE,SUNDAY RILEY-Morning Buzz Trio (Christmas Limited Edition)
https://www.sephora.sg/products/shiseido-waso-clear-mega-hydrating-cream,SHISEIDO,Waso Clear Mega-hydrating Cream,55.0,,,NEW | SEPHORA EXCLUSIVE,SHISEIDO-Waso Clear Mega-hydrating Cream
https://www.sephora.sg/products/it-cosmetics-confidence-in-a-gel-lotion,IT COSMETICS,Confidence In A Gel Lotion,42.0,4.6,515.0,0,IT COSMETICS-Confidence In A Gel Lotion
https://www.sephora.sg/products/shiseido-benefiance-wrinkle-smoothing-day-emulsion,SHISEIDO,Benefiance Wrinkle Smoothing Day Emulsion,100.0,5.0,2.0,0,SHISEIDO-Benefiance Wrinkle Smoothing Day Emulsion
https://www.sephora.sg/products/tarte-knockout-brightening-gel-moisturizer/v/50ml,TARTE,Knockout Brightening Gel Moisturizer,65.0,4.2,15.0,SEPHORA EXCLUSIVE,TARTE-Knockout Brightening Gel Moisturizer
https://www.sephora.sg/products/drunk-elephant-welcome-to-lala-land-limited-edition,DRUNK ELEPHANT,Welcome to Lala Land (Limited Edition),92.0,,,SEPHORA EXCLUSIVE,DRUNK ELEPHANT-Welcome to Lala Land (Limited Edition)
https://www.sephora.sg/products/clinique-anti-blemish-all-over-clearing-treatment,CLINIQUE,Anti-Blemish All Over Clearing Treatment,49.0,3.9,20.0,0,CLINIQUE-Anti-Blemish All Over Clearing Treatment
https://www.sephora.sg/products/sulwhasoo-essential-comfort-moisturizing-gel-cream,SULWHASOO,Essential Comfort Moisturizing Gel Cream,95.0,,,0,SULWHASOO-Essential Comfort Moisturizing Gel Cream
https://www.sephora.sg/products/innisfree-jeju-cherry-blossom-tone-up-cream,INNISFREE,Jeju Cherry Blossom Tone Up Cream,31.0,3.7,3.0,0,INNISFREE-Jeju Cherry Blossom Tone Up Cream
https://www.sephora.sg/products/origins-clear-improvement-oil-free-moisturizer-with-bamboo-charcoal,ORIGINS,Clear Improvement™ Oil-Free Moisturizer with Bamboo Charcoal,67.0,4.3,1302.0,0,ORIGINS-Clear Improvement™ Oil-Free Moisturizer with Bamboo Charcoal
https://www.sephora.sg/products/laneige-water-bank-blue-hyaluronic-cream-for-normal-to-dry-skin,LANEIGE,Water Bank Blue Hyaluronic Cream - For Normal To Dry Skin,60.0,4.7,3.0,0,LANEIGE-Water Bank Blue Hyaluronic Cream - For Normal To Dry Skin
https://www.sephora.sg/products/evereden-nourishing-stretch-mark-cream,EVEREDEN,Nourishing Stretch Mark Cream,70.0,4.5,132.0,0,EVEREDEN-Nourishing Stretch Mark Cream
https://www.sephora.sg/products/dr-jart-vital-hydra-solution-biome-water-cream/v/50ml,DR.JART+,Vital Hydra Solution Biome Water Cream,56.0,4.1,38.0,SEPHORA EXCLUSIVE,DR.JART+-Vital Hydra Solution Biome Water Cream
https://www.sephora.sg/products/bobbi-brown-vitamin-enriched-eye-base-eye-cream-and-primer,BOBBI BROWN,Vitamin Enriched Eye Base - Eye Cream And Primer,90.0,4.7,249.0,0,BOBBI BROWN-Vitamin Enriched Eye Base - Eye Cream And Primer
https://www.sephora.sg/products/tatcha-the-silk-peony-melting-eye-cream,TATCHA,The Silk Peony Melting Eye Cream,103.0,4.2,1779.0,SEPHORA EXCLUSIVE,TATCHA-The Silk Peony Melting Eye Cream
https://www.sephora.sg/products/caudalie-vinosource-hydra-sos-intense-moisturizing-cream,CAUDALIE,Vinosource-Hydra S.O.S Intense Moisturizing Cream,58.0,4.3,9.0,SEPHORA EXCLUSIVE,CAUDALIE-Vinosource-Hydra S.O.S Intense Moisturizing Cream
https://www.sephora.sg/products/farmacy-honey-halo-ultra-hydrating-ceramide-moisturizer/v/100ml,FARMACY,Honey Halo Ultra-Hydrating Ceramide Moisturizer,129.0,4.5,1210.0,SEPHORA EXCLUSIVE,FARMACY-Honey Halo Ultra-Hydrating Ceramide Moisturizer
https://www.sephora.sg/products/alpha-h-balancing-moisturiser-and-gentle-exfoliant-with-10-percent-glycolic-acid,ALPHA-H,Balancing Moisturiser & Gentle Exfoliant with 10% Glycolic Acid,86.0,3.8,23.0,SEPHORA EXCLUSIVE,ALPHA-H-Balancing Moisturiser & Gentle Exfoliant with 10% Glycolic Acid
https://www.sephora.sg/products/by-terry-hyaluronic-global-face-cream,BY TERRY,Hyaluronic Global Face Cream,127.0,5.0,1.0,0,BY TERRY-Hyaluronic Global Face Cream
https://www.sephora.sg/products/cle-de-peau-protective-fortifying-cream,CLE DE PEAU,Protective Fortifying Cream,190.0,3.0,1.0,0,CLE DE PEAU-Protective Fortifying Cream
https://www.sephora.sg/products/lab-series-instant-fix-color-correcting-moisturizer,LAB SERIES,Instant Fix Color Correcting Moisturizer,68.0,5.0,1.0,0,LAB SERIES-Instant Fix Color Correcting Moisturizer
https://www.sephora.sg/products/philosophy-purity-made-simple-mattifying-gel-moisturizer,PHILOSOPHY,Purity Made Simple Mattifying Gel Moisturizer,43.0,4.1,19.0,0,PHILOSOPHY-Purity Made Simple Mattifying Gel Moisturizer
https://www.sephora.sg/products/givenchy-skin-ressource-protective-moisturising-rich-cream-refill,GIVENCHY,Skin Ressource Protective Moisturising Rich Cream Refill,85.0,,,0,GIVENCHY-Skin Ressource Protective Moisturising Rich Cream Refill
https://www.sephora.sg/products/glamglow-superwatergel-triple-acid-oil-free-moisturizer,GLAMGLOW,Superwatergel Triple-Acid Oil-Free Moisturizer,85.0,4.6,240.0,SEPHORA EXCLUSIVE,GLAMGLOW-Superwatergel Triple-Acid Oil-Free Moisturizer
https://www.sephora.sg/products/the-inkey-list-symbright-brightening-moisturiser,THE INKEY LIST,Symbright Brightening Moisturiser,22.0,3.8,36.0,SEPHORA EXCLUSIVE,THE INKEY LIST-Symbright Brightening Moisturiser
https://www.sephora.sg/products/dior-capture-totale-dreamskin-care-and-perfect-emulsion,DIOR,Capture Totale DreamSkin Care & Perfect Emulsion,158.0,4.4,25.0,0,DIOR-Capture Totale DreamSkin Care & Perfect Emulsion
https://www.sephora.sg/products/la-mer-the-moisturizing-soft-cream-moisturizer/v/60ml,LA MER,The Moisturizing Soft Cream Moisturizer,605.0,4.4,858.0,0,LA MER-The Moisturizing Soft Cream Moisturizer
https://www.sephora.sg/products/laneige-water-bank-blue-hyaluronic-emulsion-for-normal-to-dry-skin,LANEIGE,Water Bank Blue Hyaluronic Emulsion - For Normal To Dry Skin,50.0,4.3,3.0,0,LANEIGE-Water Bank Blue Hyaluronic Emulsion - For Normal To Dry Skin
https://www.sephora.sg/products/indie-lee-brightening-cream,INDIE LEE,Brightening Cream,61.0,,,0,INDIE LEE-Brightening Cream
https://www.sephora.sg/products/clinique-dramatically-different-moisturizing-lotion-plus-with-pink-ribbon-key-chain,CLINIQUE,Dramatically Different Moisturizing Lotion+ With Pink Ribbon Key Chain,85.0,,,0,CLINIQUE-Dramatically Different Moisturizing Lotion+ With Pink Ribbon Key Chain
https://www.sephora.sg/products/wishful-honey-whip-peptide-moisturizer,WISHFUL,Honey Whip Peptide Moisturizer,69.0,4.6,338.0,SEPHORA EXCLUSIVE,WISHFUL-Honey Whip Peptide Moisturizer
https://www.sephora.sg/products/alpha-h-essential-hydration-cream-with-rose-geranium-and-vitamin-e/v/50ml,ALPHA-H,Essential Hydration Cream with Rose Geranium and Vitamin E,69.0,4.2,40.0,SEPHORA EXCLUSIVE,ALPHA-H-Essential Hydration Cream with Rose Geranium and Vitamin E
https://www.sephora.sg/products/burts-bees-sensitive-day-cream,BURT'S BEES,Sensitive Day Cream,52.0,2.5,2.0,0,BURT'S BEES-Sensitive Day Cream
https://www.sephora.sg/products/kopari-coconut-face-cream,KOPARI,Coconut Face Cream,66.0,4.3,116.0,SEPHORA EXCLUSIVE,KOPARI-Coconut Face Cream
https://www.sephora.sg/products/it-cosmetics-beautiful-together-day-to-night-skincare-duo-christmas-limited-edition,IT COSMETICS,Beautiful Together Day-To-Night Skincare Duo (Christmas Limited Edition),117.0,,,SEPHORA EXCLUSIVE,IT COSMETICS-Beautiful Together Day-To-Night Skincare Duo (Christmas Limited Edition)
https://www.sephora.sg/products/la-mer-creme-de-la-mer-moisturizer-limited-edition,LA MER,Crème De La Mer Moisturizer (Limited Edition),170.0,,,0,LA MER-Crème De La Mer Moisturizer (Limited Edition)
https://www.sephora.sg/products/fresh-black-tea-firming-corset-cream,FRESH,Black Tea Firming Corset Cream,158.0,4.1,217.0,0,FRESH-Black Tea Firming Corset Cream
https://www.sephora.sg/products/caudalie-vinosource-hydra-moisturizing-sorbet,CAUDALIE,Vinosource-Hydra Moisturizing Sorbet,51.0,4.7,65.0,SEPHORA EXCLUSIVE,CAUDALIE-Vinosource-Hydra Moisturizing Sorbet
https://www.sephora.sg/products/dr-dennis-gross-b3adaptive-superfoods-barrier-repair-face-cream,DR. DENNIS GROSS,B3Adaptive Superfoods Barrier Repair Face Cream,116.0,3.5,2.0,SEPHORA EXCLUSIVE,DR. DENNIS GROSS-B3Adaptive Superfoods Barrier Repair Face Cream
https://www.sephora.sg/products/kenzoki-nourishing-flow-sensual-body-cream,KENZOKI,Nourishing Flow Sensual Body Cream,75.0,5.0,1.0,SEPHORA EXCLUSIVE,KENZOKI-Nourishing Flow Sensual Body Cream
https://www.sephora.sg/products/caudalie-skincare-bestie-box,CAUDALIE,Skincare Bestie Box,121.0,3.5,2.0,SEPHORA EXCLUSIVE,CAUDALIE-Skincare Bestie Box
https://www.sephora.sg/products/tarte-sea-drink-of-h2o-hydrating-boost-moisturizer/v/50ml,TARTE,Sea Drink Of H₂O Hydrating Boost Moisturizer,65.0,4.2,2063.0,SEPHORA EXCLUSIVE,TARTE-Sea Drink Of H₂O Hydrating Boost Moisturizer
https://www.sephora.sg/products/caudalie-resveratrol-lift-lightweight-firming-cashmere-cream,CAUDALIE,Resveratrol-Lift Lightweight Firming Cashmere Cream,84.0,4.6,156.0,SEPHORA EXCLUSIVE,CAUDALIE-Resveratrol-Lift Lightweight Firming Cashmere Cream
https://www.sephora.sg/products/talika-skintelligence-hydra-intense-hydrating-light-cream,TALIKA,Skintelligence Hydra - Intense Hydrating Light Cream,60.0,,,SEPHORA EXCLUSIVE,TALIKA-Skintelligence Hydra - Intense Hydrating Light Cream
https://www.sephora.sg/products/shiseido-future-solution-lx-total-regenerating-cream,SHISEIDO,Future Solution LX Total Regenerating Cream,410.0,3.7,11.0,0,SHISEIDO-Future Solution LX Total Regenerating Cream
https://www.sephora.sg/products/shiseido-future-solution-lx-universal-defense,SHISEIDO,Future Solution LX Universal Defense,120.0,3.0,2.0,0,SHISEIDO-Future Solution LX Universal Defense
https://www.sephora.sg/products/sulwhasoo-essential-comfort-balancing-emulsion-moisturiser,SULWHASOO,Essential Comfort Balancing Emulsion Moisturiser,86.0,,,0,SULWHASOO-Essential Comfort Balancing Emulsion Moisturiser
https://www.sephora.sg/products/lab-series-anti-age-max-ls-cream,LAB SERIES,Anti-Age Max LS Cream,152.0,,,0,LAB SERIES-Anti-Age Max LS Cream
https://www.sephora.sg/products/philosophy-hope-in-a-jar-hyaluronic-glow-moisturiser-water-cream,PHILOSOPHY,Hope In A Jar Hyaluronic Glow Moisturiser Water Cream,64.0,5.0,3.0,0,PHILOSOPHY-Hope In A Jar Hyaluronic Glow Moisturiser Water Cream
https://www.sephora.sg/products/lancome-renergie-multi-lift-memory-shape-gel-in-lotion-200ml,LANCÔME,"Rénergie Multi-Lift Memory Shape™ Gel-in-Lotion, 200ml",110.0,4.6,15.0,0,"LANCÔME-Rénergie Multi-Lift Memory Shape™ Gel-in-Lotion, 200ml"
https://www.sephora.sg/products/origins-dr-andrew-weil-for-origins-relief-and-resilience-soothing-cream,ORIGINS,Dr. Andrew Weil for Origins™ Relief & Resilience Soothing Cream,125.0,4.3,21.0,0,ORIGINS-Dr. Andrew Weil for Origins™ Relief & Resilience Soothing Cream
https://www.sephora.sg/products/clear-start-skin-soothing-hydrating-lotion,DERMALOGICA CLEAR START,Skin Soothing Hydrating Lotion,41.0,4.1,16.0,0,DERMALOGICA CLEAR START-Skin Soothing Hydrating Lotion
https://www.sephora.sg/products/the-inkey-list-selfless-by-hyram-niacinamide-and-maracuja-daily-barrier-support-moisturizer,THE INKEY LIST,Selfless by Hyram Niacinamide and Maracuja Daily Barrier Support Moisturizer,43.0,3.9,166.0,SEPHORA EXCLUSIVE,THE INKEY LIST-Selfless by Hyram Niacinamide and Maracuja Daily Barrier Support Moisturizer
https://www.sephora.sg/products/laneige-water-bank-blue-hyaluronic-cream-for-combination-to-oily-skin,LANEIGE,Water Bank Blue Hyaluronic Cream - For Combination To Oily Skin,60.0,4.6,5.0,0,LANEIGE-Water Bank Blue Hyaluronic Cream - For Combination To Oily Skin
https://www.sephora.sg/products/lancome-renergie-multi-lift-ultra-cream,LANCÔME,Rénergie Multi-Lift Ultra Cream,189.0,5.0,1.0,0,LANCÔME-Rénergie Multi-Lift Ultra Cream
https://www.sephora.sg/products/evereden-soothing-baby-massage-oil,EVEREDEN,Soothing Baby Massage Oil,38.0,4.8,84.0,0,EVEREDEN-Soothing Baby Massage Oil
https://www.sephora.sg/products/dr-dot-jart-plus-cicapair-calming-gel-cream/v/80ml,DR.JART+,Cicapair Calming Gel Cream,51.0,4.6,136.0,SEPHORA EXCLUSIVE,DR.JART+-Cicapair Calming Gel Cream
https://www.sephora.sg/products/la-mer-the-moisturising-cool-gel-cream-moisturizer/v/15ml,LA MER,The Moisturising Cool Gel Cream Moisturizer,170.0,3.8,159.0,0,LA MER-The Moisturising Cool Gel Cream Moisturizer
https://www.sephora.sg/products/la-mer-the-deep-soothing-collection-christmas-limited-edition,LA MER,The Deep Soothing Collection (Christmas Limited Edition),955.0,,,NEW | SEPHORA EXCLUSIVE,LA MER-The Deep Soothing Collection (Christmas Limited Edition)
https://www.sephora.sg/products/elemis-superfood-glow-priming-moisturiser,ELEMIS,Superfood Glow Priming Moisturiser,78.0,,,0,ELEMIS-Superfood Glow Priming Moisturiser
https://www.sephora.sg/products/dermalogica-barrier-repair-moisturizer,DERMALOGICA,Barrier Repair Moisturizer,92.0,4.6,8.0,0,DERMALOGICA-Barrier Repair Moisturizer
https://www.sephora.sg/products/dr-jart-ctrl-a-teatreement-moisturizer,DR.JART+,Ctrl-A Teatreement™ Moisturizer,44.0,4.6,13.0,SEPHORA EXCLUSIVE,DR.JART+-Ctrl-A Teatreement™ Moisturizer
https://www.sephora.sg/products/clinique-dramatically-different-moisturizing-lotion-plus,CLINIQUE,Dramatically Different Moisturizing Lotion+,62.0,4.4,143.0,0,CLINIQUE-Dramatically Different Moisturizing Lotion+
https://www.sephora.sg/products/peter-thomas-roth-water-drench-hyaluronic-cloud-cream/v/default,PETER THOMAS ROTH,Water Drench Hyaluronic Cloud Cream Hydrating Moisturizer,99.0,4.3,1601.0,0,PETER THOMAS ROTH-Water Drench Hyaluronic Cloud Cream Hydrating Moisturizer
https://www.sephora.sg/products/laneige-radian-c-cream/v/50ml,LANEIGE,Radian-C Cream,70.0,4.3,15.0,0,LANEIGE-Radian-C Cream
https://www.sephora.sg/products/estee-lauder-micro-essence-skin-activating-treatment-lotion-fresh-with-sakura-ferment/v/200ml,ESTÉE LAUDER,Micro Essence Skin Activating Treatment Lotion Fresh with Sakura Ferment,182.0,4.4,5.0,0,ESTÉE LAUDER-Micro Essence Skin Activating Treatment Lotion Fresh with Sakura Ferment
https://www.sephora.sg/products/dr-jart-v7-toning-light-quatro-lunar-new-year-limited-edition,DR.JART+,V7 Toning Light Quatro Lunar New Year (Limited Edition),78.0,,,0,DR.JART+-V7 Toning Light Quatro Lunar New Year (Limited Edition)
https://www.sephora.sg/products/shiseido-vital-perfection-uplifting-and-firming-cream-enriched,SHISEIDO,Vital Perfection Uplifting & Firming Cream Enriched,165.0,5.0,2.0,0,SHISEIDO-Vital Perfection Uplifting & Firming Cream Enriched
https://www.sephora.sg/products/philosophy-purity-ultra-light-moisturizer,PHILOSOPHY,Purity Made Simple Ultra-Light Moisturizer,43.0,4.3,55.0,0,PHILOSOPHY-Purity Made Simple Ultra-Light Moisturizer
https://www.sephora.sg/products/shiseido-vital-perfection-uplifting-and-firming-cream/v/50ml,SHISEIDO,Vital Perfection Uplifting & Firming Cream,165.0,4.4,8.0,0,SHISEIDO-Vital Perfection Uplifting & Firming Cream
https://www.sephora.sg/products/kenzoki-youth-flow-skin-renew-velvet-cream,KENZOKI,Youth Flow Skin Renew Velvet Cream,168.0,5.0,1.0,SEPHORA EXCLUSIVE,KENZOKI-Youth Flow Skin Renew Velvet Cream
https://www.sephora.sg/products/fresh-rose-hydrating-water-gel-cream-moisturizer,FRESH,Rose Hydrating Water Gel Cream Moisturizer,76.0,4.2,10.0,0,FRESH-Rose Hydrating Water Gel Cream Moisturizer
https://www.sephora.sg/products/fresh-vitamin-nectar-moisture-glow-face-cream,FRESH,Vitamin Nectar Moisture Glow Face Cream,78.0,4.3,650.0,0,FRESH-Vitamin Nectar Moisture Glow Face Cream
https://www.sephora.sg/products/this-works-in-transit-skin-defence-spf30/v/40-ml,THIS WORKS,In Transit Skin Defence SPF30,64.0,4.1,54.0,SEPHORA EXCLUSIVE,THIS WORKS-In Transit Skin Defence SPF30
https://www.sephora.sg/products/drgl-moisturiser-collagen-boost,DRGL,Moisturiser Collagen Boost,228.0,,,SEPHORA EXCLUSIVE,DRGL-Moisturiser Collagen Boost
https://www.sephora.sg/products/drgl-moisturiser-all-skin-types,DRGL,Moisturiser All Skin Types,198.0,4.0,2.0,0,DRGL-Moisturiser All Skin Types
https://www.sephora.sg/products/doers-of-london-hydrating-face-cream,DOERS OF LONDON,Hydrating Face Cream,40.0,4.3,9.0,0,DOERS OF LONDON-Hydrating Face Cream
https://www.sephora.sg/products/shiseido-future-solution-lx-legendary-enmei-ultimate-renewing-cream,SHISEIDO,Future Solution LX Legendary Enmei Ultimate Renewing Cream,725.0,,,0,SHISEIDO-Future Solution LX Legendary Enmei Ultimate Renewing Cream
https://www.sephora.sg/products/shiseido-future-solution-lx-total-protective-cream,SHISEIDO,Future Solution LX Total Protective Cream,370.0,,,0,SHISEIDO-Future Solution LX Total Protective Cream
https://www.sephora.sg/products/clinique-clinique-for-men-maximum-hydrator-eye-96-hour-hydro-filler-concentrate,CLINIQUE,Clinique For Men™ Maximum Hydrator Eye 96-Hour Hydro-Filler Concentrate,66.0,5.0,2.0,0,CLINIQUE-Clinique For Men™ Maximum Hydrator Eye 96-Hour Hydro-Filler Concentrate
https://www.sephora.sg/products/three-balancing-lotion-r,THREE,Balancing Lotion R,100.0,5.0,1.0,0,THREE-Balancing Lotion R
https://www.sephora.sg/products/three-balancing-emulsion-r,THREE,Balancing Emulsion R,112.0,5.0,1.0,0,THREE-Balancing Emulsion R
https://www.sephora.sg/products/clinique-dramatically-different-hydrating-jelly,CLINIQUE,Dramatically Different Hydrating Jelly,62.0,4.3,99.0,0,CLINIQUE-Dramatically Different Hydrating Jelly
https://www.sephora.sg/products/givenchy-skin-ressource-protective-moisturising-velvet-cream-refill,GIVENCHY,Skin Ressource Protective Moisturising Velvet Cream Refill,85.0,,,0,GIVENCHY-Skin Ressource Protective Moisturising Velvet Cream Refill
https://www.sephora.sg/products/peter-thomas-roth-pro-strength-niacinamide-discoloration-treatment,PETER THOMAS ROTH,Pro Strength Niacinamide Discoloration Treatment,139.0,4.2,299.0,0,PETER THOMAS ROTH-Pro Strength Niacinamide Discoloration Treatment
https://www.sephora.sg/products/shiseido-waso-quick-matte-moisturizer-oil-free,SHISEIDO,Waso Quick Matte Moisturizer Oil-free,55.0,4.3,16.0,0,SHISEIDO-Waso Quick Matte Moisturizer Oil-free
https://www.sephora.sg/products/clinique-clinique-for-men-moisturizing-lotion-100ml,CLINIQUE,Clinique For Men Moisturizing Lotion,60.0,4.0,6.0,0,CLINIQUE-Clinique For Men Moisturizing Lotion
https://www.sephora.sg/products/dior-capture-youth-age-delay-advanced-creme-moisturiser,DIOR,Capture Youth Age-Delay Advanced Crème Moisturiser,160.0,4.3,12.0,0,DIOR-Capture Youth Age-Delay Advanced Crème Moisturiser
https://www.sephora.sg/products/clinique-fresh-pressed-repair-clinical-md-multi-dimensional-age-transformer-duo-resculpt-plus-revolumize,CLINIQUE,Fresh Pressed™ Repair Clinical MD Multi-Dimensional Age Transformer Duo Resculpt + Revolumize,127.0,4.7,3.0,0,CLINIQUE-Fresh Pressed™ Repair Clinical MD Multi-Dimensional Age Transformer Duo Resculpt + Revolumize
https://www.sephora.sg/products/guerlain-abeille-royale-rich-day-cream,GUERLAIN,Abeille Royale Rich Day Cream,230.0,5.0,1.0,0,GUERLAIN-Abeille Royale Rich Day Cream
https://www.sephora.sg/products/shiseido-men-total-revitalizer-light-fluid-lotion,SHISEIDO,Men Total Revitalizer Light Fluid Lotion,98.0,,,0,SHISEIDO-Men Total Revitalizer Light Fluid Lotion
https://www.sephora.sg/products/elemis-superfood-day-cream,ELEMIS,Superfood Day Cream,72.0,,,0,ELEMIS-Superfood Day Cream
https://www.sephora.sg/products/dior-prestige-la-creme-texture-essentielle,DIOR,Prestige La Crème Texture Essentielle,220.0,,,0,DIOR-Prestige La Crème Texture Essentielle
https://www.sephora.sg/products/givenchy-ressource-velvet-moisturizing-face-cream/v/50ml-original,GIVENCHY,Ressource Velvet Moisturizing Face Cream,98.0,,,0,GIVENCHY-Ressource Velvet Moisturizing Face Cream
https://www.sephora.sg/products/lab-series-daily-rescue-energizing-face-lotion,LAB SERIES,Daily Rescue Energizing Face Lotion,95.0,,,0,LAB SERIES-Daily Rescue Energizing Face Lotion
https://www.sephora.sg/products/shiseido-essential-energy-hydrating-day-cream,SHISEIDO,Essential Energy Hydrating Day Cream,85.0,,,0,SHISEIDO-Essential Energy Hydrating Day Cream
https://www.sephora.sg/products/dr-jart-v7-toning-light,DR.JART+,V7 Toning Light,69.0,4.3,7.0,SEPHORA EXCLUSIVE,DR.JART+-V7 Toning Light
https://www.sephora.sg/products/dr-jart-v7-toning-light,DR.JART+,V7 Toning Light,69.0,4.3,7.0,SEPHORA EXCLUSIVE,DR.JART+-V7 Toning Light
https://www.sephora.sg/products/shiseido-treatment-softener,SHISEIDO,Treatment Softener Lotion,80.0,5.0,1.0,0,SHISEIDO-Treatment Softener Lotion
https://www.sephora.sg/products/sulwhasoo-concentrated-ginseng-renewing-cream-ex-classic/v/60ml,SULWHASOO,Concentrated Ginseng Renewing Cream EX Classic,330.0,5.0,3.0,0,SULWHASOO-Concentrated Ginseng Renewing Cream EX Classic
https://www.sephora.sg/products/sand-and-sky-tasmanian-spring-water-hydration-boost-cream,SAND & SKY,Tasmanian Spring Water Hydration Boost Cream,72.0,4.0,2.0,0,SAND & SKY-Tasmanian Spring Water Hydration Boost Cream
https://www.sephora.sg/products/juice-beauty-stem-cellular-anti-wrinkle-moisturizer,JUICE BEAUTY,Stem Cellular™ Anti-Wrinkle Moisturizer,110.0,4.3,656.0,SEPHORA EXCLUSIVE,JUICE BEAUTY-Stem Cellular™ Anti-Wrinkle Moisturizer
https://www.sephora.sg/products/origins-love-and-be-youthful-plantscription-youth-boosting-regimen-trio,ORIGINS,Love And Be: Youthful Plantscription™ Youth-Boosting Regimen Trio,170.0,,,SEPHORA EXCLUSIVE,ORIGINS-Love And Be: Youthful Plantscription™ Youth-Boosting Regimen Trio
https://www.sephora.sg/products/innisfree-bija-cica-balm,INNISFREE,Bija Cica Balm,35.0,,,SEPHORA EXCLUSIVE,INNISFREE-Bija Cica Balm
https://www.sephora.sg/products/juice-beauty-green-apple-r-age-defy-moisturizer,JUICE BEAUTY,Green Apple® Age Defy Moisturizer,81.0,3.4,33.0,SEPHORA EXCLUSIVE,JUICE BEAUTY-Green Apple® Age Defy Moisturizer
https://www.sephora.sg/products/sk-ii-sk-ii-mid-day-miracle-essence,SK-II,SK-II Mid-Day Miracle Essence,99.0,4.2,37.0,0,SK-II-SK-II Mid-Day Miracle Essence
https://www.sephora.sg/products/peter-thomas-roth-potent-c-power-eye-cream,PETER THOMAS ROTH,Potent-C Power Eye Cream,115.0,4.1,408.0,0,PETER THOMAS ROTH-Potent-C Power Eye Cream
https://www.sephora.sg/products/glo-skin-beauty-hydra-bright-aha-hydrator,GLO SKIN BEAUTY,Hydra-Bright AHA Hydrator,90.0,,,0,GLO SKIN BEAUTY-Hydra-Bright AHA Hydrator
https://www.sephora.sg/products/evereden-nourishing-baby-face-cream,EVEREDEN,Nourishing Baby Face Cream,50.0,4.8,101.0,0,EVEREDEN-Nourishing Baby Face Cream
https://www.sephora.sg/products/lab-series-all-in-one-face-treatment,LAB SERIES,All-In-One Face Treatment,55.0,5.0,1.0,0,LAB SERIES-All-In-One Face Treatment
https://www.sephora.sg/products/saturday-skin-waterfall-glacier-water-cream/v/50ml,SATURDAY SKIN,Waterfall Glacier Water Cream,56.0,4.4,1381.0,SEPHORA EXCLUSIVE,SATURDAY SKIN-Waterfall Glacier Water Cream
https://www.sephora.sg/products/givenchy-ressource-soothing-moisturizing-treatment-lotion,GIVENCHY,Ressource Soothing Moisturizing Treatment Lotion,70.0,,,SEPHORA EXCLUSIVE,GIVENCHY-Ressource Soothing Moisturizing Treatment Lotion
https://www.sephora.sg/products/mario-badescu-oil-free-moisturizer-1f1c7eb1-eedd-4b4d-96c1-5ce80e29f788,MARIO BADESCU,Oil Free Moisturizer,44.0,3.9,33.0,SEPHORA EXCLUSIVE,MARIO BADESCU-Oil Free Moisturizer
https://www.sephora.sg/products/kora-organics-by-miranda-kerr-active-algae-lightweight-moisturizer,KORA ORGANICS BY MIRANDA KERR,Active Algae Lightweight Moisturizer,83.0,4.7,203.0,0,KORA ORGANICS BY MIRANDA KERR-Active Algae Lightweight Moisturizer
https://www.sephora.sg/products/allies-of-skin-molecular-barrier-recovery-cream-balm,ALLIES OF SKIN,Molecular Barrier Recovery Cream Balm,150.0,,,SEPHORA EXCLUSIVE,ALLIES OF SKIN-Molecular Barrier Recovery Cream Balm
https://www.sephora.sg/products/talika-skintelligence-hydra-intense-hydrating-rich-cream,TALIKA,Skintelligence Hydra - Intense Hydrating Rich Cream,60.0,,,SEPHORA EXCLUSIVE,TALIKA-Skintelligence Hydra - Intense Hydrating Rich Cream
https://www.sephora.sg/products/caudalie-vinopure-skin-perfecting-mattifying-moisturizer,CAUDALIE,Vinopure Skin Perfecting Mattifying Moisturizer,52.0,3.9,154.0,SEPHORA EXCLUSIVE,CAUDALIE-Vinopure Skin Perfecting Mattifying Moisturizer
https://www.sephora.sg/products/alpha-h-protection-plus-daily-moisturiser-spf-50-plus-with-pomegranate-seed-oil/v/50ml,ALPHA-H,Protection Plus Daily Moisturiser SPF 50+ with Pomegranate Seed Oil,75.0,4.2,35.0,SEPHORA EXCLUSIVE,ALPHA-H-Protection Plus Daily Moisturiser SPF 50+ with Pomegranate Seed Oil
https://www.sephora.sg/products/allies-of-skin-peptides-and-antioxidants-firming-daily-treatment,ALLIES OF SKIN,Peptides & Antioxidants Firming Daily Treatment,199.0,4.9,7.0,SEPHORA EXCLUSIVE,ALLIES OF SKIN-Peptides & Antioxidants Firming Daily Treatment
https://www.sephora.sg/products/starskin-orglamic-pink-cactus-pudding/v/50ml,STARSKIN,Orglamic™ Pink Cactus Pudding Moisturiser,79.0,4.4,42.0,SEPHORA EXCLUSIVE,STARSKIN-Orglamic™ Pink Cactus Pudding Moisturiser
https://www.sephora.sg/products/pixi-skintreats-clarity-lotion-oil-free-moisturiser,PIXI,Skintreats Clarity Lotion Oil-Free Moisturiser,40.0,4.0,2.0,0,PIXI-Skintreats Clarity Lotion Oil-Free Moisturiser
https://www.sephora.sg/products/boscia-plant-stem-cell-and-ceramide-barrier-defense-moisturizer,BOSCIA,Plant Stem Cell And Ceramide Barrier-Defense Moisturizer,67.0,,,0,BOSCIA-Plant Stem Cell And Ceramide Barrier-Defense Moisturizer
https://www.sephora.sg/products/pai-skincare-love-and-haight-avocado-and-jojoba-hydrating-moisturizer,PAI SKINCARE,Love & Haight Avocado & Jojoba Hydrating Moisturizer,84.0,5.0,2.0,SEPHORA EXCLUSIVE,PAI SKINCARE-Love & Haight Avocado & Jojoba Hydrating Moisturizer
https://www.sephora.sg/products/pai-skincare-the-anthemis-chamomile-and-rosehip-soothing-moisturizer,PAI SKINCARE,The Anthemis Chamomile & Rosehip Soothing Moisturizer,85.0,,,SEPHORA EXCLUSIVE,PAI SKINCARE-The Anthemis Chamomile & Rosehip Soothing Moisturizer
https://www.sephora.sg/products/pixi-rose-ceramide-cream,PIXI,Rose Ceramide Cream,40.0,4.1,33.0,0,PIXI-Rose Ceramide Cream
https://www.sephora.sg/products/caudalie-vinoperfect-instant-brightening-moisturizer,CAUDALIE,Vinoperfect Instant Brightening Moisturizer,77.0,4.0,8.0,SEPHORA EXCLUSIVE,CAUDALIE-Vinoperfect Instant Brightening Moisturizer
https://www.sephora.sg/products/allies-of-skin-ce15-bakuchiol-firming-oil,ALLIES OF SKIN,CE15 Bakuchiol Firming Oil,239.0,,,SEPHORA EXCLUSIVE,ALLIES OF SKIN-CE15 Bakuchiol Firming Oil
https://www.sephora.sg/products/pixi-phenomenal-gel,PIXI,Phenomenal Gel,42.0,4.1,8.0,0,PIXI-Phenomenal Gel
https://www.sephora.sg/products/pixi-vitamin-c-lotion,PIXI,Vitamin-C Lotion,42.0,4.4,20.0,0,PIXI-Vitamin-C Lotion
https://www.sephora.sg/products/sunday-riley-ice-ceramide-moisturizing-cream,SUNDAY RILEY,Ice Ceramide Moisturizing Cream,104.0,4.1,1161.0,SEPHORA EXCLUSIVE,SUNDAY RILEY-Ice Ceramide Moisturizing Cream
https://www.sephora.sg/products/mario-badescu-peptide-renewal-cream,MARIO BADESCU,Peptide Renewal Cream,79.0,3.9,20.0,SEPHORA EXCLUSIVE,MARIO BADESCU-Peptide Renewal Cream
https://www.sephora.sg/products/pixi-rose-caviar-essence,PIXI,Rose Caviar Essence,41.0,4.1,121.0,0,PIXI-Rose Caviar Essence
https://www.sephora.sg/products/clinique-smart-clinical-repair-wrinkle-correcting-cream,CLINIQUE,Smart Clinical Repair Wrinkle Correcting Cream,130.0,4.2,1469.0,0,CLINIQUE-Smart Clinical Repair Wrinkle Correcting Cream
https://www.sephora.sg/products/peter-thomas-roth-vital-e-microbiome-age-defense-cream,PETER THOMAS ROTH,Vital-E Microbiome Age Defense Cream,119.0,4.4,691.0,0,PETER THOMAS ROTH-Vital-E Microbiome Age Defense Cream
https://www.sephora.sg/products/dior-hydra-life-sorbet-creme,DIOR,Hydra Life Sorbet Crème,120.0,4.0,5.0,0,DIOR-Hydra Life Sorbet Crème
https://www.sephora.sg/products/dermalogica-calm-water-gel,DERMALOGICA,Calm Water Gel,109.0,4.4,218.0,0,DERMALOGICA-Calm Water Gel
https://www.sephora.sg/products/dermalogica-skin-smoothing-moisturizer-cream,DERMALOGICA,Skin Smoothing Moisturizer Cream,77.0,4.6,475.0,0,DERMALOGICA-Skin Smoothing Moisturizer Cream
https://www.sephora.sg/products/dermalogica-intensive-moisture-balance-moisturizer,DERMALOGICA,Intensive Moisture Balance Moisturizer,92.0,4.5,145.0,0,DERMALOGICA-Intensive Moisture Balance Moisturizer
https://www.sephora.sg/products/dermalogica-active-moist-2-dot-0-moisturizer,DERMALOGICA,Active Moist 2.0 Moisturizer,80.0,4.6,433.0,0,DERMALOGICA-Active Moist 2.0 Moisturizer
https://www.sephora.sg/products/malin-plus-goetz-advanced-renewal-cream,MALIN + GOETZ,Advanced Renewal Cream,119.0,,,0,MALIN + GOETZ-Advanced Renewal Cream
https://www.sephora.sg/products/guerlain-abeille-royale-mattifying-day-cream,GUERLAIN,Abeille Royale Mattifying Day Cream,230.0,1.0,1.0,0,GUERLAIN-Abeille Royale Mattifying Day Cream
https://www.sephora.sg/products/lab-series-daily-rescue-energizing-gel-cream,LAB SERIES,Daily Rescue Energizing Gel Cream,95.0,5.0,1.0,0,LAB SERIES-Daily Rescue Energizing Gel Cream
https://www.sephora.sg/products/this-works-in-transit-camera-close-up,THIS WORKS,In Transit Camera Close-up,60.0,4.1,83.0,SEPHORA EXCLUSIVE,THIS WORKS-In Transit Camera Close-up
https://www.sephora.sg/products/butter-london-extra-whip-hand-and-foot-treatment,BUTTER LONDON,Extra Whip Hand & Foot Treatment,22.0,,,SEPHORA EXCLUSIVE,BUTTER LONDON-Extra Whip Hand & Foot Treatment
https://www.sephora.sg/products/givenchy-skin-ressource-soothing-moisturising-lotion,GIVENCHY,Skin Ressource Soothing Moisturising Lotion,70.0,,,SEPHORA EXCLUSIVE,GIVENCHY-Skin Ressource Soothing Moisturising Lotion
https://www.sephora.sg/products/shiseido-vital-perfection-uplifting-and-firming-day-emulsion,SHISEIDO,Vital Perfection Uplifting And Firming Day Emulsion,148.0,5.0,1.0,0,SHISEIDO-Vital Perfection Uplifting And Firming Day Emulsion
https://www.sephora.sg/products/peter-thomas-roth-potent-c-bright-and-plump-moisturizer/v/50ml,PETER THOMAS ROTH,Potent-C Bright & Plump Moisturizer,117.0,3.7,129.0,0,PETER THOMAS ROTH-Potent-C Bright & Plump Moisturizer
https://www.sephora.sg/products/lixir-universal-emulsion/v/100ml,LIXIRSKIN,Universal Emulsion,88.0,4.3,24.0,SEPHORA EXCLUSIVE,LIXIRSKIN-Universal Emulsion
https://www.sephora.sg/products/givenchy-skin-perfecto-radiance-reviver-emulsion,GIVENCHY,Skin Perfecto Radiance Reviver Emulsion,103.0,,,SEPHORA EXCLUSIVE,GIVENCHY-Skin Perfecto Radiance Reviver Emulsion
https://www.sephora.sg/products/indie-lee-daily-skin-nutrition,INDIE LEE,Daily Skin Nutrition Moisturizer,67.0,4.0,1.0,SEPHORA EXCLUSIVE,INDIE LEE-Daily Skin Nutrition Moisturizer
https://www.sephora.sg/products/shiseido-future-solution-lx-total-protective-emulsion,SHISEIDO,Future Solution LX Total Protective Emulsion,370.0,5.0,1.0,0,SHISEIDO-Future Solution LX Total Protective Emulsion
https://www.sephora.sg/products/sulwhasoo-concentrated-ginseng-renewing-emulsion-ex,SULWHASOO,Concentrated Ginseng Renewing Emulsion EX,128.0,,,SEPHORA EXCLUSIVE,SULWHASOO-Concentrated Ginseng Renewing Emulsion EX
https://www.sephora.sg/products/elemis-pro-collagen-marine-cream,ELEMIS,Pro-Collagen Marine Cream,190.0,,,SEPHORA EXCLUSIVE,ELEMIS-Pro-Collagen Marine Cream
https://www.sephora.sg/products/laneige-water-bank-blue-hyaluronic-emulsion-for-combination-to-oily-skin,LANEIGE,Water Bank Blue Hyaluronic Emulsion - For Combination To Oily Skin,50.0,5.0,2.0,0,LANEIGE-Water Bank Blue Hyaluronic Emulsion - For Combination To Oily Skin
https://www.sephora.sg/products/dior-diorsnow-essence-of-light-lock-and-reflect-creme,DIOR,Diorsnow Essence Of Light Lock & Reflect Creme,158.0,,,0,DIOR-Diorsnow Essence Of Light Lock & Reflect Creme
https://www.sephora.sg/products/non-gender-specific-everything-cream,NON GENDER SPECIFIC,Everything Cream,84.0,,,0,NON GENDER SPECIFIC-Everything Cream
https://www.sephora.sg/products/sulwhasoo-concentrated-ginseng-renewing-cream-ex/v/30ml,SULWHASOO,Concentrated Ginseng Renewing Cream EX,180.0,,,0,SULWHASOO-Concentrated Ginseng Renewing Cream EX
https://www.sephora.sg/products/frank-body-everyday-face-moisturiser,FRANK BODY,Everyday Face Moisturiser,35.0,3.6,16.0,SEPHORA EXCLUSIVE,FRANK BODY-Everyday Face Moisturiser
https://www.sephora.sg/products/cle-de-peau-volumizing-cream-supreme/v/50ml,CLE DE PEAU,Volumizing Cream Supreme,530.0,,,0,CLE DE PEAU-Volumizing Cream Supreme
https://www.sephora.sg/products/givenchy-ressource-rich-moisturizing-face-cream/v/50ml-original,GIVENCHY,Ressource Rich Moisturizing Face Cream,98.0,3.0,1.0,0,GIVENCHY-Ressource Rich Moisturizing Face Cream
https://www.sephora.sg/products/malin-plus-goetz-advanced-renewal-moisturizer,MALIN + GOETZ,Advanced Renewal Moisturizer,96.0,4.5,2.0,0,MALIN + GOETZ-Advanced Renewal Moisturizer
https://www.sephora.sg/products/shiseido-ultimune-future-power-shot-limited-edition,SHISEIDO,Ultimune Future Power Shot (Limited Edition),105.0,,,0,SHISEIDO-Ultimune Future Power Shot (Limited Edition)
https://www.sephora.sg/products/the-inkey-list-multi-biotic-moisturiser,THE INKEY LIST,Multi-Biotic Moisturiser,21.0,3.6,326.0,SEPHORA EXCLUSIVE,THE INKEY LIST-Multi-Biotic Moisturiser
https://www.sephora.sg/products/givenchy-skin-perfecto-compact-cream,GIVENCHY,Skin Perfecto Compact Cream,86.0,3.5,2.0,0,GIVENCHY-Skin Perfecto Compact Cream
https://www.sephora.sg/products/charlotte-tilbury-magic-cream-refill,CHARLOTTE TILBURY,Magic Cream Refill,325.0,5.0,1.0,SEPHORA EXCLUSIVE,CHARLOTTE TILBURY-Magic Cream Refill
https://www.sephora.sg/products/charlotte-tilbury-refillable-magic-cream,CHARLOTTE TILBURY,Refillable Magic Cream,380.0,,,SEPHORA EXCLUSIVE,CHARLOTTE TILBURY-Refillable Magic Cream
https://www.sephora.sg/products/pixi-hydrating-milky-lotion,PIXI,Hydrating Milky Lotion,42.0,3.5,2.0,0,PIXI-Hydrating Milky Lotion
https://www.sephora.sg/products/eve-lom-moisture-cream/v/50ml,EVE LOM,Moisture Cream,185.0,3.5,8.0,0,EVE LOM-Moisture Cream
https://www.sephora.sg/products/pixi-on-the-glow-multi-use-moisture-stick,PIXI,On-the-Glow Multi-Use Moisture Stick,32.0,4.1,26.0,0,PIXI-On-the-Glow Multi-Use Moisture Stick
https://www.sephora.sg/products/dr-dennis-gross-hyaluronic-marine-moisture-cushion,DR. DENNIS GROSS,Hyaluronic Marine Moisture Cushion,97.0,3.8,46.0,SEPHORA EXCLUSIVE,DR. DENNIS GROSS-Hyaluronic Marine Moisture Cushion
https://www.sephora.sg/products/farmacy-daily-greens-oil-free-gel-moisturizer,FARMACY,Daily Greens Oil-Free Gel Moisturizer,73.0,4.1,1312.0,SEPHORA EXCLUSIVE,FARMACY-Daily Greens Oil-Free Gel Moisturizer
https://www.sephora.sg/products/kora-organics-by-miranda-kerr-turmeric-glow-moisturizer-refill-pod,KORA ORGANICS BY MIRANDA KERR,Turmeric Glow Moisturizer Refill Pod,71.0,4.5,2.0,0,KORA ORGANICS BY MIRANDA KERR-Turmeric Glow Moisturizer Refill Pod
https://www.sephora.sg/products/jack-black-clean-break-oil-free-moisturizer,JACK BLACK,Clean Break Oil-Free Moisturizer,49.0,4.5,92.0,SEPHORA EXCLUSIVE,JACK BLACK-Clean Break Oil-Free Moisturizer
https://www.sephora.sg/products/jack-black-dry-erase-ultra-calming-face-cream,JACK BLACK,Dry Erase Ultra-Calming Face Cream,68.0,4.5,14.0,SEPHORA EXCLUSIVE,JACK BLACK-Dry Erase Ultra-Calming Face Cream
https://www.sephora.sg/products/kenzoki-hydration-flow-moisturizing-skin-guardian-combination-to-oily-skin,KENZOKI,Hydration Flow Moisturizing Skin Guardian - Combination To Oily Skin,70.0,,,SEPHORA EXCLUSIVE,KENZOKI-Hydration Flow Moisturizing Skin Guardian - Combination To Oily Skin
https://www.sephora.sg/products/kenzoki-nourishing-flow-hand-and-nail-balm-for-caress,KENZOKI,Nourishing Flow Hand & Nail Balm For Caress,19.0,4.0,1.0,SEPHORA EXCLUSIVE,KENZOKI-Nourishing Flow Hand & Nail Balm For Caress
https://www.sephora.sg/products/wishful-honey-balm-jelly-moisturizer,WISHFUL,Honey Balm Jelly Moisturizer,79.0,4.2,677.0,SEPHORA EXCLUSIVE,WISHFUL-Honey Balm Jelly Moisturizer
https://www.sephora.sg/products/innisfree-jeju-orchid-enriched-cream/v/50ml,INNISFREE,Jeju Orchid Enriched Cream,43.0,3.7,3.0,0,INNISFREE-Jeju Orchid Enriched Cream
https://www.sephora.sg/products/talika-eye-quintessence-day-cream-plus-night-serum-duo,TALIKA,Eye Quintessence Day Cream + Night Serum Duo,88.0,,,0,TALIKA-Eye Quintessence Day Cream + Night Serum Duo
https://www.sephora.sg/products/la-mer-the-revitalized-transformation-collection-christmas-limited-edition,LA MER,The Revitalized Transformation Collection (Christmas Limited Edition),560.0,,,0,LA MER-The Revitalized Transformation Collection (Christmas Limited Edition)
https://www.sephora.sg/products/la-mer-the-smoothing-moisture-duo-collection-christmas-limited-edition,LA MER,The Smoothing Moisture Duo Collection (Christmas Limited Edition),240.0,,,0,LA MER-The Smoothing Moisture Duo Collection (Christmas Limited Edition)
https://www.sephora.sg/products/skin-inc-nourish-hand-serum,SKIN INC,Nourish Hand Serum,28.0,,,0,SKIN INC-Nourish Hand Serum
https://www.sephora.sg/products/three-balancing-cream-r,THREE,Balancing Cream R,142.0,1.0,1.0,0,THREE-Balancing Cream R
https://www.sephora.sg/products/cle-de-peau-protective-fortifying-cream-refill,CLE DE PEAU,Protective Fortifying Cream Refill,170.0,,,0,CLE DE PEAU-Protective Fortifying Cream Refill
https://www.sephora.sg/products/shiseido-men-total-revitalizer-cream,SHISEIDO,Men Total Revitalizer Cream,102.0,,,0,SHISEIDO-Men Total Revitalizer Cream
https://www.sephora.sg/products/cle-de-peau-protective-fortifying-cream-broad-spectrum-spf-22,CLE DE PEAU,Protective Fortifying Cream Broad Spectrum SPF 22,190.0,,,0,CLE DE PEAU-Protective Fortifying Cream Broad Spectrum SPF 22
https://www.sephora.sg/products/wei-five-sacred-grains-rapid-glow-liquid-milk-moisturiser,WEI,Five Sacred Grains Rapid Glow Liquid Milk Moisturiser,70.0,5.0,1.0,0,WEI-Five Sacred Grains Rapid Glow Liquid Milk Moisturiser
https://www.sephora.sg/products/lab-series-daily-rescue-hydrating-emulsion,LAB SERIES,Daily Rescue Hydrating Emulsion,54.0,5.0,1.0,0,LAB SERIES-Daily Rescue Hydrating Emulsion
https://www.sephora.sg/products/shiseido-essential-energy-hydrating-day-cream-refill,SHISEIDO,Essential Energy Hydrating Day Cream Refill,75.0,,,0,SHISEIDO-Essential Energy Hydrating Day Cream Refill
https://www.sephora.sg/products/malin-plus-goetz-vitamin-e-face-moisturizer,MALIN + GOETZ,Vitamin E Face Moisturizer,77.0,4.4,379.0,0,MALIN + GOETZ-Vitamin E Face Moisturizer
https://www.sephora.sg/products/lab-series-instant-fix-bb-tinted-moisturizer-spf-35-pa-plus-plus-plus,LAB SERIES,Instant Fix BB Tinted Moisturizer SPF 35 PA+++,80.0,2.0,1.0,0,LAB SERIES-Instant Fix BB Tinted Moisturizer SPF 35 PA+++
https://www.sephora.sg/products/bobbi-brown-hydrating-water-fresh-cream-moisturiser,BOBBI BROWN,Hydrating Water Fresh Cream Moisturiser,102.0,4.4,33.0,0,BOBBI BROWN-Hydrating Water Fresh Cream Moisturiser
https://www.sephora.sg/products/for-beloved-one-advanced-hyaluronic-acid-ghk-cu-moisturizing-serum,FOR BELOVED ONE,Advanced Hyaluronic Acid GHK-Cu Moisturizing Serum,99.0,3.8,12.0,SEPHORA EXCLUSIVE,FOR BELOVED ONE-Advanced Hyaluronic Acid GHK-Cu Moisturizing Serum
https://www.sephora.sg/products/wei-five-sacred-grains-perfect-radiance-pudding-cream-moisturiser,WEI,Five Sacred Grains Perfect Radiance Pudding Cream Moisturiser,85.0,3.0,2.0,0,WEI-Five Sacred Grains Perfect Radiance Pudding Cream Moisturiser
https://www.sephora.sg/products/shiseido-benefiance-wrinkle-smoothing-cream/v/50ml,SHISEIDO,Benefiance Wrinkle Smoothing Cream,115.0,,,0,SHISEIDO-Benefiance Wrinkle Smoothing Cream
https://www.sephora.sg/products/clinique-moisture-surge-100h-auto-replenishing-hydrator-limited-edition,CLINIQUE,Moisture Surge™ 100H Auto-Replenishing Hydrator (Limited Edition),78.0,5.0,7.0,0,CLINIQUE-Moisture Surge™ 100H Auto-Replenishing Hydrator (Limited Edition)
https://www.sephora.sg/products/mac-cosmetics-lightful-c3-radiant-hydration-tone-up-cream-moisturizer,MAC COSMETICS,Lightful C³ Radiant Hydration Tone-Up Cream Moisturizer,75.0,,,0,MAC COSMETICS-Lightful C³ Radiant Hydration Tone-Up Cream Moisturizer
https://www.sephora.sg/products/cle-de-peau-hydro-softening-lotion,CLE DE PEAU,Hydro-Softening Lotion,180.0,4.2,61.0,0,CLE DE PEAU-Hydro-Softening Lotion
https://www.sephora.sg/products/shiseido-eudermine-150th-anniversary-limited-edition,SHISEIDO,Eudermine 150th Anniversary (Limited Edition),75.0,5.0,1.0,0,SHISEIDO-Eudermine 150th Anniversary (Limited Edition)
https://www.sephora.sg/products/laneige-perfect-renew-youth-regenerating-cream,LANEIGE,Perfect Renew Youth Regenerating Cream,90.0,4.5,2.0,0,LANEIGE-Perfect Renew Youth Regenerating Cream
https://www.sephora.sg/products/lancome-clarifique-watery-emulsion,LANCÔME,Clarifique Watery Emulsion,125.0,,,0,LANCÔME-Clarifique Watery Emulsion
https://www.sephora.sg/products/indie-lee-active-oil-free-moisturizer,INDIE LEE,Active Oil-Free Moisturizer,50.0,3.8,4.0,SEPHORA EXCLUSIVE,INDIE LEE-Active Oil-Free Moisturizer
https://www.sephora.sg/products/laneige-perfect-renew-youth-emulsion,LANEIGE,Perfect Renew Youth Emulsion,60.0,,,SEPHORA EXCLUSIVE,LANEIGE-Perfect Renew Youth Emulsion
https://www.sephora.sg/products/glamglow-waterburst-hydrated-glow-moisturizer,GLAMGLOW,Waterburst™ Hydrated Glow Moisturizer,70.0,4.2,401.0,SEPHORA EXCLUSIVE,GLAMGLOW-Waterburst™ Hydrated Glow Moisturizer
https://www.sephora.sg/products/clinique-clinique-for-men-maximum-hydrator-72-hour-auto-replenishing-hydrator,CLINIQUE,Clinique For Men™ Maximum Hydrator 72-Hour Auto-Replenishing Hydrator,78.0,5.0,3.0,0,CLINIQUE-Clinique For Men™ Maximum Hydrator 72-Hour Auto-Replenishing Hydrator
https://www.sephora.sg/products/cle-de-peau-protective-fortifying-emulsion,CLE DE PEAU,Protective Fortifying Emulsion,190.0,5.0,1.0,0,CLE DE PEAU-Protective Fortifying Emulsion
https://www.sephora.sg/products/first-aid-beauty-ultra-repair-face-moisturizer,FIRST AID BEAUTY,Ultra Repair Face Moisturizer,41.0,4.2,1105.0,0,FIRST AID BEAUTY-Ultra Repair Face Moisturizer
https://www.sephora.sg/products/dior-capture-totale-cell-energy-firming-and-wrinkle-correcting-creme,DIOR,Capture Totale C.E.L.L. ENERGY Firming & Wrinkle-Correcting Crème,175.0,4.5,664.0,0,DIOR-Capture Totale C.E.L.L. ENERGY Firming & Wrinkle-Correcting Crème
https://www.sephora.sg/products/clinique-moisture-surge-intense-72hr-lipid-replenishing-hydrator,CLINIQUE,Moisture Surge Intense 72Hr Lipid-Replenishing Hydrator,79.0,4.6,26.0,0,CLINIQUE-Moisture Surge Intense 72Hr Lipid-Replenishing Hydrator
https://www.sephora.sg/products/dior-capture-totale-super-potent-rich-creme,DIOR,Capture Totale Super Potent Rich Creme,175.0,5.0,3.0,0,DIOR-Capture Totale Super Potent Rich Creme
https://www.sephora.sg/products/la-mer-creme-de-la-mer-moisturizer/v/60ml,LA MER,Crème De La Mer Moisturizer,605.0,4.1,1415.0,0,LA MER-Crème De La Mer Moisturizer
https://www.sephora.sg/products/shiseido-treatment-softener-enriched,SHISEIDO,Treatment Softener Enriched Lotion,80.0,4.0,1.0,0,SHISEIDO-Treatment Softener Enriched Lotion
https://www.sephora.sg/products/shiseido-ultimune-power-infusing-concentrate-limited-edition,SHISEIDO,Ultimune Power Infusing Concentrate (Limited Edition),208.0,,,0,SHISEIDO-Ultimune Power Infusing Concentrate (Limited Edition)
https://www.sephora.sg/products/guerlain-abeille-royale-day-cream,GUERLAIN,Abeille Royale Day Cream,230.0,4.1,18.0,0,GUERLAIN-Abeille Royale Day Cream
https://www.sephora.sg/products/philosophy-hope-in-a-jar-water-cream-moisturizer,PHILOSOPHY,Hope In A Jar Water Cream Moisturizer,19.0,2.0,1.0,0,PHILOSOPHY-Hope In A Jar Water Cream Moisturizer
https://www.sephora.sg/products/sulwhasoo-essential-comfort-firming-cream/v/75ml-original,SULWHASOO,Essential Comfort Firming Cream,142.0,,,0,SULWHASOO-Essential Comfort Firming Cream
https://www.sephora.sg/products/mac-cosmetics-lightful-c3-tone-up-balm-spf30-slash-pa-plus-plus,MAC COSMETICS,Lightful C³ Tone-Up Balm SPF30/PA++,65.0,3.0,1.0,0,MAC COSMETICS-Lightful C³ Tone-Up Balm SPF30/PA++
https://www.sephora.sg/products/mac-cosmetics-lightful-c3-radiant-hydration-skin-renewal-emulsion-lotion,MAC COSMETICS,Lightful C³ Radiant Hydration Skin Renewal Emulsion Lotion,65.0,,,0,MAC COSMETICS-Lightful C³ Radiant Hydration Skin Renewal Emulsion Lotion
https://www.sephora.sg/products/eve-lom-moisture-lotion,EVE LOM,Moisture Lotion,180.0,,,0,EVE LOM-Moisture Lotion
https://www.sephora.sg/products/mario-badescu-hyaluronic-dew-cream,MARIO BADESCU,Hyaluronic Dew Cream,45.0,3.0,15.0,SEPHORA EXCLUSIVE,MARIO BADESCU-Hyaluronic Dew Cream
https://www.sephora.sg/products/skin-inc-pure-serum-infused-moisturizer,SKIN INC,Pure Serum Infused Moisturizer,72.0,4.1,7.0,0,SKIN INC-Pure Serum Infused Moisturizer
https://www.sephora.sg/products/talika-skintelligence-anti-age-regenerating-day-cream,TALIKA,Skintelligence Anti-Age - Regenerating Day Cream,80.0,,,0,TALIKA-Skintelligence Anti-Age - Regenerating Day Cream
https://www.sephora.sg/products/allies-of-skin-multi-nutrient-and-dioic-renewing-cream,ALLIES OF SKIN,Multi Nutrient & Dioic Renewing Cream,174.0,,,0,ALLIES OF SKIN-Multi Nutrient & Dioic Renewing Cream
https://www.sephora.sg/products/boscia-chia-seed-moisture-cream,BOSCIA,Chia Seed Moisture Cream,65.0,4.0,62.0,SEPHORA EXCLUSIVE,BOSCIA-Chia Seed Moisture Cream
https://www.sephora.sg/products/jack-black-double-duty-face-moisturizer-spf-20/v/97ml,JACK BLACK,Double-Duty Face Moisturizer SPF 20,52.0,4.4,389.0,SEPHORA EXCLUSIVE,JACK BLACK-Double-Duty Face Moisturizer SPF 20
https://www.sephora.sg/products/pixi-rose-flash-balm,PIXI,Rose Flash Balm,41.0,3.8,42.0,0,PIXI-Rose Flash Balm
https://www.sephora.sg/products/sunday-riley-ceo-afterglow-brightening-vitamin-c-moisturizer,SUNDAY RILEY,C.E.O. Afterglow Brightening Vitamin C Moisturizer,104.0,4.6,287.0,SEPHORA EXCLUSIVE,SUNDAY RILEY-C.E.O. Afterglow Brightening Vitamin C Moisturizer
https://www.sephora.sg/products/kenzoki-hydration-flow-fresh-melt-in-lotion,KENZOKI,Hydration Flow Fresh Melt-In Lotion,55.0,4.0,2.0,SEPHORA EXCLUSIVE,KENZOKI-Hydration Flow Fresh Melt-In Lotion
https://www.sephora.sg/products/herbivore-botanicals-aquarius-pore-purifying-clarity-cream,HERBIVORE BOTANICALS,Aquarius Pore Purifying Clarity Cream,70.0,4.5,184.0,SEPHORA EXCLUSIVE,HERBIVORE BOTANICALS-Aquarius Pore Purifying Clarity Cream
https://www.sephora.sg/products/herbivore-botanicals-pink-cloud-soft-moisture-cream,HERBIVORE BOTANICALS,Pink Cloud Soft Moisture Cream,70.0,4.0,200.0,SEPHORA EXCLUSIVE,HERBIVORE BOTANICALS-Pink Cloud Soft Moisture Cream
https://www.sephora.sg/products/dr-dennis-gross-alpha-beta-daily-moisturizer,DR. DENNIS GROSS,Alpha Beta Daily Moisturizer,104.0,4.6,72.0,SEPHORA EXCLUSIVE,DR. DENNIS GROSS-Alpha Beta Daily Moisturizer
https://www.sephora.sg/products/kora-organics-by-miranda-kerr-active-algae-lightweight-moisturizer-refill-pod,KORA ORGANICS BY MIRANDA KERR,Active Algae Lightweight Moisturizer - Refill Pod,68.0,,,SEPHORA EXCLUSIVE,KORA ORGANICS BY MIRANDA KERR-Active Algae Lightweight Moisturizer - Refill Pod
https://www.sephora.sg/products/caudalie-vinergetic-c-plus-3-in-1-vitamin-c-energy-moisturizer,CAUDALIE,Vinergetic C+ 3-In-1 Vitamin C Energy Moisturizer,64.0,3.0,1.0,SEPHORA EXCLUSIVE,CAUDALIE-Vinergetic C+ 3-In-1 Vitamin C Energy Moisturizer
https://www.sephora.sg/products/saturday-skin-carrot-plus-niacinamide-moisturizing-cream/v/50ml,SATURDAY SKIN,Carrot + Niacinamide Moisturizing Cream,64.0,5.0,1.0,NEW | SEPHORA EXCLUSIVE,SATURDAY SKIN-Carrot + Niacinamide Moisturizing Cream
https://www.sephora.sg/products/shiseido-vital-perfection-white-revitalizing-emulsion-enriched,SHISEIDO,Vital-perfection White Revitalizing Emulsion Enriched,132.0,,,NEW | SEPHORA EXCLUSIVE,SHISEIDO-Vital-perfection White Revitalizing Emulsion Enriched
https://www.sephora.sg/products/innisfree-green-tea-seed-cream,INNISFREE,Green Tea Seed Cream,34.0,,,NEW | SEPHORA EXCLUSIVE,INNISFREE-Green Tea Seed Cream
https://www.sephora.sg/products/shiseido-vital-perfection-white-revitalizing-emulsion,SHISEIDO,Vital-perfection White Revitalizing Emulsion,132.0,,,NEW | SEPHORA EXCLUSIVE,SHISEIDO-Vital-perfection White Revitalizing Emulsion
https://www.sephora.sg/products/nudestix-citrus-c-mask-and-daily-moisturizer,NUDESTIX,Citrus-C Mask & Daily Moisturizer,59.0,4.4,77.0,SEPHORA EXCLUSIVE,NUDESTIX-Citrus-C Mask & Daily Moisturizer
https://www.sephora.sg/products/la-mer-the-restored-and-refresh-collection-christmas-limited-edition,LA MER,The Restored And Refresh Collection (Christmas Limited Edition),600.0,,,SEPHORA EXCLUSIVE,LA MER-The Restored And Refresh Collection (Christmas Limited Edition)
https://www.sephora.sg/products/dior-hydra-life-deep-hydration-sorbet-water-essence,DIOR,Hydra Life Deep Hydration Sorbet Water Essence,120.0,4.3,34.0,0,DIOR-Hydra Life Deep Hydration Sorbet Water Essence
https://www.sephora.sg/products/origins-youth-fantastic-plantscription-line-smoothing-and-rejuvenating-trio-christmas-limited-edition,ORIGINS,Youth Fantastic Plantscription™ Line-Smoothing & Rejuvenating Trio Christmas (Limited Edition),167.0,,,0,ORIGINS-Youth Fantastic Plantscription™ Line-Smoothing & Rejuvenating Trio Christmas (Limited Edition)
https://www.sephora.sg/products/kopari-moisture-whipped-ceramide-cream,KOPARI,Moisture Whipped Ceramide Cream,80.0,,,0,KOPARI-Moisture Whipped Ceramide Cream
https://www.sephora.sg/products/clear-start-cooling-aqua-jelly,DERMALOGICA CLEAR START,Cooling Aqua Jelly,41.0,4.0,7.0,0,DERMALOGICA CLEAR START-Cooling Aqua Jelly
https://www.sephora.sg/products/fresh-cleanse-and-moisturize-duo,FRESH,Cleanse & Moisturize Duo,41.0,5.0,20.0,0,FRESH-Cleanse & Moisturize Duo
https://www.sephora.sg/products/clinique-repairwear-laser-focus-line-smoothing-cream-broad-spectrum-spf-15,CLINIQUE,Repairwear Laser Focus Line Smoothing Cream Broad Spectrum SPF 15,104.0,5.0,2.0,0,CLINIQUE-Repairwear Laser Focus Line Smoothing Cream Broad Spectrum SPF 15
https://www.sephora.sg/products/estee-lauder-nutritious-super-pomegranate-radiant-energy-moisture-creme,ESTÉE LAUDER,Nutritious Super-Pomegranate Radiant Energy Moisture Crème,114.0,4.1,49.0,0,ESTÉE LAUDER-Nutritious Super-Pomegranate Radiant Energy Moisture Crème
https://www.sephora.sg/products/clinique-even-better-brighter-moisture-cream,CLINIQUE,Even Better Brighter Moisture Cream,90.0,4.2,9.0,0,CLINIQUE-Even Better Brighter Moisture Cream
https://www.sephora.sg/products/by-terry-baume-de-rose-face-cream,BY TERRY,Baume De Rose Face Cream,105.0,4.8,5.0,0,BY TERRY-Baume De Rose Face Cream
https://www.sephora.sg/products/eve-lom-tlc-moisturizing-cream,EVE LOM,TLC Moisturizing Cream,135.0,,,0,EVE LOM-TLC Moisturizing Cream
https://www.sephora.sg/products/tatcha-the-silk-cream,TATCHA,The Silk Cream,208.0,4.3,276.0,SEPHORA EXCLUSIVE,TATCHA-The Silk Cream
https://www.sephora.sg/products/la-mer-blue-heart-creme-de-la-mer,LA MER,Blue Heart Crème De La Mer (Limited Edition),560.0,,,0,LA MER-Blue Heart Crème De La Mer (Limited Edition)
https://www.sephora.sg/products/wei-royal-ming-empress-cream-moisturiser,WEI,Royal Ming Empress Cream Moisturiser,160.0,5.0,1.0,0,WEI-Royal Ming Empress Cream Moisturiser
https://www.sephora.sg/products/augustinus-bader-the-cream/v/50ml,AUGUSTINUS BADER,The Cream,430.0,4.4,421.0,0,AUGUSTINUS BADER-The Cream
https://www.sephora.sg/products/augustinus-bader-the-rich-cream/v/50ml,AUGUSTINUS BADER,The Rich Cream,430.0,4.3,490.0,0,AUGUSTINUS BADER-The Rich Cream
https://www.sephora.sg/products/lancome-clarifique-brightening-plumping-milky-cream,LANCÔME,Clarifique Brightening Plumping Milky Cream,135.0,4.7,6.0,0,LANCÔME-Clarifique Brightening Plumping Milky Cream
https://www.sephora.sg/products/laneige-time-freeze-intensive-cream-ex,LANEIGE,Time Freeze Intensive Cream EX,98.0,4.8,4.0,0,LANEIGE-Time Freeze Intensive Cream EX
https://www.sephora.sg/products/origins-ginzing-oil-free-energy-boosting-gel-moisturizer,ORIGINS,Ginzing Oil-Free Energy-Boosting Gel Moisturizer,36.0,4.0,85.0,0,ORIGINS-Ginzing Oil-Free Energy-Boosting Gel Moisturizer
https://www.sephora.sg/products/pai-skincare-the-pioneer-re-balance-geranium-and-thistle-moisturizer,PAI SKINCARE,The Pioneer Re-Balance Geranium & Thistle Moisturizer,74.0,4.0,1.0,SEPHORA EXCLUSIVE,PAI SKINCARE-The Pioneer Re-Balance Geranium & Thistle Moisturizer
https://www.sephora.sg/products/kora-organics-by-miranda-kerr-purifying-moisturizer,KORA ORGANICS BY MIRANDA KERR,Purifying Moisturizer,69.0,4.4,14.0,0,KORA ORGANICS BY MIRANDA KERR-Purifying Moisturizer
https://www.sephora.sg/products/star-skin-orglamic-celery-juice-serum-in-oil-emulsion,STARSKIN,ORGLAMIC™ Celery Juice Serum-in-Oil Emulsion,85.0,,,0,STARSKIN-ORGLAMIC™ Celery Juice Serum-in-Oil Emulsion
https://www.sephora.sg/products/sephora-collection-nourishing-moisturizer,SEPHORA COLLECTION,Nourishing Moisturizer,24.0,4.4,959.0,SEPHORA EXCLUSIVE,SEPHORA COLLECTION-Nourishing Moisturizer
https://www.sephora.sg/products/sephora-collection-men-smoothing-hydrating-lotion,SEPHORA COLLECTION,Men Smoothing Hydrating Lotion,26.0,4.6,14.0,SEPHORA EXCLUSIVE,SEPHORA COLLECTION-Men Smoothing Hydrating Lotion
https://www.sephora.sg/products/dr-dennis-gross-alpha-beta-pore-perfecting-moisturizer,DR. DENNIS GROSS,Alpha Beta Pore Perfecting Moisturizer,109.0,4.0,45.0,SEPHORA EXCLUSIVE,DR. DENNIS GROSS-Alpha Beta Pore Perfecting Moisturizer
https://www.sephora.sg/products/skyn-iceland-the-antidote-cooling-daily-lotion,SKYN ICELAND,The Antidote Cooling Daily Lotion,74.0,4.3,286.0,SEPHORA EXCLUSIVE,SKYN ICELAND-The Antidote Cooling Daily Lotion
https://www.sephora.sg/products/gallinee-hydrating-face-cream,GALLINÉE,Hydrating Face Cream,66.0,4.6,5.0,0,GALLINÉE-Hydrating Face Cream
https://www.sephora.sg/products/first-aid-beauty-skin-rescue-daily-face-cream,FIRST AID BEAUTY,Skin Rescue Daily Face Cream,37.0,4.2,573.0,0,FIRST AID BEAUTY-Skin Rescue Daily Face Cream
https://www.sephora.sg/products/wei-royal-ming-imperial-lotion-moisturiser,WEI,Royal Ming Imperial Lotion Moisturiser,125.0,5.0,1.0,0,WEI-Royal Ming Imperial Lotion Moisturiser
https://www.sephora.sg/products/bobbi-brown-vitamin-enriched-face-base-moisturizer-and-primer-duo,BOBBI BROWN,Vitamin Enriched Face Base Moisturizer and Primer Duo,115.0,5.0,4.0,0,BOBBI BROWN-Vitamin Enriched Face Base Moisturizer and Primer Duo
https://www.sephora.sg/products/skyn-iceland-the-antidote-cooling-daily-lotion,SKYN ICELAND,The Antidote Cooling Daily Lotion,74.0,4.3,286.0,SEPHORA EXCLUSIVE,SKYN ICELAND-The Antidote Cooling Daily Lotion
https://www.sephora.sg/products/gallinee-hydrating-face-cream,GALLINÉE,Hydrating Face Cream,66.0,4.6,5.0,0,GALLINÉE-Hydrating Face Cream
https://www.sephora.sg/products/first-aid-beauty-skin-rescue-daily-face-cream,FIRST AID BEAUTY,Skin Rescue Daily Face Cream,37.0,4.2,573.0,0,FIRST AID BEAUTY-Skin Rescue Daily Face Cream
https://www.sephora.sg/products/wei-royal-ming-imperial-lotion-moisturiser,WEI,Royal Ming Imperial Lotion Moisturiser,125.0,5.0,1.0,0,WEI-Royal Ming Imperial Lotion Moisturiser
https://www.sephora.sg/products/bobbi-brown-vitamin-enriched-face-base-moisturizer-and-primer-duo,BOBBI BROWN,Vitamin Enriched Face Base Moisturizer and Primer Duo,115.0,5.0,4.0,0,BOBBI BROWN-Vitamin Enriched Face Base Moisturizer and Primer Duo
https://www.sephora.sg/products/origins-ginzing-radiance-serum-and-oil-free-moisturizer-duo-limited-edition,ORIGINS,GinZing™ Radiance Serum & Oil-Free Moisturizer Duo (Limited Edition),39.0,4.9,7.0,0,ORIGINS-GinZing™ Radiance Serum & Oil-Free Moisturizer Duo (Limited Edition)
https://www.sephora.sg/products/sulwhasoo-essential-balancing-emulsion-ex-moisturiser,SULWHASOO,Essential Balancing Emulsion EX Moisturiser,78.0,4.0,4.0,0,SULWHASOO-Essential Balancing Emulsion EX Moisturiser
https://www.sephora.sg/products/origins-make-a-difference-plus-plus-skin-rejuvenating-treatment,ORIGINS,Make A Difference™ Plus+ Rejuvenating Treatment,86.0,4.4,128.0,0,ORIGINS-Make A Difference™ Plus+ Rejuvenating Treatment
https://www.sephora.sg/products/shiseido-white-lucent-brightening-day-emulsion,SHISEIDO,White Lucent Brightening Day Emulsion,90.0,,,0,SHISEIDO-White Lucent Brightening Day Emulsion
https://www.sephora.sg/products/first-aid-beauty-coconut-water-cream,FIRST AID BEAUTY,Coconut Water Cream,59.0,4.0,1156.0,0,FIRST AID BEAUTY-Coconut Water Cream
https://www.sephora.sg/products/the-inkey-list-omega-water-cream,THE INKEY LIST,Omega Water Cream,18.0,4.0,396.0,SEPHORA EXCLUSIVE,THE INKEY LIST-Omega Water Cream
https://www.sephora.sg/products/tatcha-the-water-cream,TATCHA,The Water Cream,115.0,4.4,306.0,SEPHORA EXCLUSIVE,TATCHA-The Water Cream
https://www.sephora.sg/products/la-mer-the-hydrating-infused-emulsion-moisturizer,LA MER,The Hydrating Infused Emulsion - Moisturizer,220.0,4.8,6.0,0,LA MER-The Hydrating Infused Emulsion - Moisturizer
https://www.sephora.sg/products/sephora-collection-original-brightening-eye-cream,SEPHORA COLLECTION,Original Brightening Eye Cream,23.0,4.2,1311.0,SEPHORA EXCLUSIVE,SEPHORA COLLECTION-Original Brightening Eye Cream
https://www.sephora.sg/products/charlotte-tilbury-charlottes-magic-cream-light-moisturiser,CHARLOTTE TILBURY,Charlotte's Magic Cream Light Moisturiser,150.0,3.5,2.0,SEPHORA EXCLUSIVE,CHARLOTTE TILBURY-Charlotte's Magic Cream Light Moisturiser
https://www.sephora.sg/products/bybi-beauty-blueberry-booster,BYBI BEAUTY,Blueberry Booster,30.0,3.9,23.0,SEPHORA EXCLUSIVE,BYBI BEAUTY-Blueberry Booster
https://www.sephora.sg/products/erno-laszlo-firmarine-moisturizer-spf-30,ERNO LASZLO,Firmarine Moisturizer SPF 30,175.0,4.2,5.0,0,ERNO LASZLO-Firmarine Moisturizer SPF 30
https://www.sephora.sg/products/skyn-iceland-pure-cloud-cream,SKYN ICELAND,Pure Cloud Cream,88.0,4.2,179.0,SEPHORA EXCLUSIVE,SKYN ICELAND-Pure Cloud Cream
https://www.sephora.sg/products/amuse-phytoncica-b5-triple-hyaluronic-acid-essence,AMUSE,Phytoncica™ B5 Triple Hyaluronic Acid Essence,58.0,,,SEPHORA EXCLUSIVE,AMUSE-Phytoncica™ B5 Triple Hyaluronic Acid Essence
https://www.sephora.sg/products/mac-cosmetics-mineralize-time-check-lotion,MAC COSMETICS,Mineralize Time Check Lotion,82.0,5.0,2.0,0,MAC COSMETICS-Mineralize Time Check Lotion
https://www.sephora.sg/products/philosophy-renewed-hope-in-a-jar-refreshing-and-refining-moisturizer,PHILOSOPHY,Renewed Hope In A Jar Refreshing & Refining Moisturizer,64.0,4.3,73.0,0,PHILOSOPHY-Renewed Hope In A Jar Refreshing & Refining Moisturizer
https://www.sephora.sg/products/augustinus-bader-the-light-cream,AUGUSTINUS BADER,The Light Cream,265.0,4.3,183.0,0,AUGUSTINUS BADER-The Light Cream
https://www.sephora.sg/products/heure-ageless-day-treatment-moisturiser,HEURE,Ageless Day Treatment Moisturiser,180.0,3.3,3.0,0,HEURE-Ageless Day Treatment Moisturiser
https://www.sephora.sg/products/caudalie-vinosource-moisturizing-matifying-fluid-40ml,CAUDALIE,Vinosource Moisturizing Matifying Fluid 40ml,50.0,4.2,236.0,SEPHORA EXCLUSIVE,CAUDALIE-Vinosource Moisturizing Matifying Fluid 40ml
https://www.sephora.sg/products/for-beloved-one-melasleep-brightening-lumis-key-lotion,FOR BELOVED ONE,Melasleep Brightening Lumi's Key Lotion,57.0,,,SEPHORA EXCLUSIVE,FOR BELOVED ONE-Melasleep Brightening Lumi's Key Lotion
https://www.sephora.sg/products/peter-thomas-roth-peptide-21-lift-and-firm-moisturizer,PETER THOMAS ROTH,Peptide 21 Lift & Firm Moisturizer,129.0,4.6,517.0,0,PETER THOMAS ROTH-Peptide 21 Lift & Firm Moisturizer
https://www.sephora.sg/products/lancome-hydra-zen-anti-stress-moisturising-cream,LANCÔME,Hydra Zen Anti-Stress Moisturising Cream,98.0,4.3,80.0,0,LANCÔME-Hydra Zen Anti-Stress Moisturising Cream
https://www.sephora.sg/products/bybi-beauty-c-caf-cream,BYBI BEAUTY,C-Caf Cream,60.0,3.8,8.0,SEPHORA EXCLUSIVE,BYBI BEAUTY-C-Caf Cream
https://www.sephora.sg/products/glow-recipe-banana-souffle-moisture-cream,GLOW RECIPE,Banana Souffle Moisture Cream,62.0,4.2,1555.0,SEPHORA EXCLUSIVE,GLOW RECIPE-Banana Souffle Moisture Cream
https://www.sephora.sg/products/sephora-collection-original-firming-day-cream,SEPHORA COLLECTION,Original Firming Day Cream,38.0,3.4,64.0,SEPHORA EXCLUSIVE,SEPHORA COLLECTION-Original Firming Day Cream
https://www.sephora.sg/products/ultra-violette-queen-screen-luminising-sun-serum-spf-50-plus,ULTRA VIOLETTE,Queen Screen Luminising Sun Serum SPF 50+,55.0,4.7,10.0,SEPHORA EXCLUSIVE,ULTRA VIOLETTE-Queen Screen Luminising Sun Serum SPF 50+
https://www.sephora.sg/products/charlotte-tilbury-magic-cream-r-moisturiser-lunar-new-year-limited-edition,CHARLOTTE TILBURY,Magic Cream® Moisturiser Lunar New Year (Limited Edition),150.0,,,SEPHORA EXCLUSIVE,CHARLOTTE TILBURY-Magic Cream® Moisturiser Lunar New Year (Limited Edition)
https://www.sephora.sg/products/dr-jart-cicapair-tiger-grass-color-correcting-treatment,DR.JART+,Cicapair Tiger Grass Color Correcting Treatment,29.0,5.0,1.0,SEPHORA EXCLUSIVE,DR.JART+-Cicapair Tiger Grass Color Correcting Treatment
https://www.sephora.sg/products/boscia-cactus-water-hydrating-cream,BOSCIA,Cactus Water Hydrating Cream,61.0,4.2,2304.0,SEPHORA EXCLUSIVE,BOSCIA-Cactus Water Hydrating Cream
https://www.sephora.sg/products/kopari-coconut-water-moisture-cream,KOPARI,Coconut Water Moisture Cream,46.0,3.2,5.0,SEPHORA EXCLUSIVE,KOPARI-Coconut Water Moisture Cream
https://www.sephora.sg/products/pixi-glowtion-day-dew-brightening-lotion,PIXI,Glowtion Day Dew Brightening Lotion,38.0,3.9,33.0,0,PIXI-Glowtion Day Dew Brightening Lotion
https://www.sephora.sg/products/pixi-h20-skindrink,PIXI,H20 Skindrink,38.0,3.6,19.0,0,PIXI-H20 Skindrink
https://www.sephora.sg/products/eve-lom-brightening-cream,EVE LOM,Brightening Cream,185.0,4.4,21.0,0,EVE LOM-Brightening Cream
https://www.sephora.sg/products/caudalie-premier-cru-cream,CAUDALIE,Premier Cru Cream,176.0,4.3,80.0,SEPHORA EXCLUSIVE,CAUDALIE-Premier Cru Cream
https://www.sephora.sg/products/sephora-collection-original-all-day-hydrator-moisturizer/v/50ml,SEPHORA COLLECTION,Original All Day Hydrator Moisturizer,23.0,4.2,730.0,SEPHORA EXCLUSIVE,SEPHORA COLLECTION-Original All Day Hydrator Moisturizer
https://www.sephora.sg/products/kora-organics-by-miranda-kerr-hydrating-moisturizer,KORA ORGANICS BY MIRANDA KERR,Hydrating Moisturizer,69.0,4.6,11.0,0,KORA ORGANICS BY MIRANDA KERR-Hydrating Moisturizer
https://www.sephora.sg/products/kora-organics-by-miranda-kerr-noni-glow-face-balm,KORA ORGANICS BY MIRANDA KERR,Noni Glow Face Balm,38.0,4.0,52.0,0,KORA ORGANICS BY MIRANDA KERR-Noni Glow Face Balm
