,rating,unique_id,Combination,Dry,Normal,Oily,Sensitive,Ageing,Blackheads,Blemishes,Dryness,Dullness,FineLines&Wrinkles,Firmness&Elasticity,Oiliness,Pigmentation&DarkSpots,Puffiness,UnevenSkinTexture,UnevenSkinTone,VisiblePores,Balm,Cream,Foam,Gel,Liquid,Lotion,Oil,20s,30s,40s,50+,Under20
0,4.5,OLE HENRIKSEN-Strength Trainer Peptide Boost Moisturizer,1,1,1,1,1,0,0,0,1,0,1,1,0,0,0,0,0,0,0,1,0,0,0,0,0,1,1,1,1,1
1,4.6,FRESH-Rose Deep Hydration Face Cream Moisturizer,1,1,1,1,0,0,0,0,1,1,0,0,0,0,0,0,0,0,0,1,0,0,0,0,0,1,1,1,1,1
2,4.4,OLE HENRIKSEN-Cold Plunge™ Pore Remedy Moisturizer,1,1,1,1,0,0,0,0,1,0,1,0,1,1,0,1,0,1,0,1,0,0,0,0,0,1,1,1,1,1
3,4.5,FIRST AID BEAUTY-Ultra Repair Cream,1,1,1,0,1,0,0,0,1,0,0,0,0,0,0,0,0,0,0,1,0,0,0,0,0,1,1,1,1,1
4,4.5,GLOW RECIPE-Plum Plump Hyaluronic Cream,1,1,1,1,1,0,0,0,1,1,0,0,0,0,0,1,0,0,0,1,0,1,0,0,0,1,1,1,1,1
5,4.8,FRESH-Best Of Beauty Bundle (Christmas Limited Edition),1,1,1,1,0,0,0,0,1,1,0,0,0,0,0,0,0,1,0,1,0,0,1,0,0,1,1,1,1,1
6,5.0,ESTÉE LAUDER-Revitalizing Supreme+ Youth Power Soft Creme Moisturizer,1,1,1,1,0,1,0,0,1,0,1,1,0,0,0,1,1,0,0,1,0,0,0,0,0,1,1,1,1,1
7,4.5,CLINIQUE-Dramatically Different Moisturizing Gel,1,0,0,1,1,0,0,0,1,0,0,0,1,0,0,0,0,0,0,0,0,1,0,0,0,1,1,1,1,1
8,4.4,FRESH-Best Selling Duo (Christmas Limited Edition),1,1,1,1,0,0,0,0,1,0,0,0,0,0,0,0,0,0,0,1,0,1,0,0,0,1,1,1,1,1
9,4.3,CLINIQUE-Moisture Surge 100H Auto-Replenishing Hydrator Moisturiser,1,1,1,1,0,0,0,0,1,1,0,1,0,0,0,1,0,0,0,1,0,1,0,0,0,1,1,1,1,1
10,4.2,SK-II-Skinpower Airy Milky Lotion,1,1,1,1,0,1,0,0,1,1,0,1,0,0,0,1,1,0,0,1,0,0,0,0,0,1,1,1,1,1
11,4.1,SK-II-Skinpower Cream,1,1,1,1,0,1,0,0,1,1,0,1,0,0,0,1,1,0,0,1,0,0,0,0,0,1,1,1,1,1
12,4.2,TATCHA-The Dewy Skin Cream,0,1,1,0,0,0,0,0,1,1,0,1,0,0,0,1,0,0,0,1,0,0,0,0,0,1,1,1,1,1
13,4.5,FRESH-Lotus Youth Preserve Dream Face Cream,1,1,1,1,0,1,0,0,0,1,0,1,0,0,0,0,0,0,0,1,0,0,0,0,0,1,1,1,1,0
14,4.3,FENTY SKIN-Instant Reset Overnight Recovery Gel-Cream,1,1,1,1,1,0,0,0,1,1,1,1,1,1,0,1,1,1,0,1,0,1,0,0,0,1,1,1,1,1
15,4.2,"THE INKEY LIST-Vitamin B, C And E Moisturizer",1,1,1,1,0,0,0,0,1,1,0,0,1,0,0,1,0,0,0,1,0,0,0,0,0,1,1,1,1,1
16,4.6,LANCÔME-Hydra Zen Anti-Stress Moisturising Cream-Gel,0,1,0,0,0,0,0,0,1,0,0,0,0,0,0,0,0,0,0,0,0,1,0,0,0,1,1,0,0,0
17,4.1,THE INKEY LIST-Bakuchiol Moisturizer,1,1,1,1,1,0,0,0,1,0,0,1,0,0,0,0,0,0,0,1,0,0,0,0,0,1,1,1,1,0
18,4.4,FRESH-Lotus Youth Preserve Moisturizer With Multi-Action Super Lotus,1,1,1,1,0,1,0,0,1,1,1,0,0,0,0,0,0,0,0,1,0,0,0,0,0,1,1,1,1,0
19,4.1,CAUDALIE-Vinoperfect Dark Spot Correcting Glycolic Night Cream,1,1,1,1,1,0,0,0,1,1,0,0,0,1,0,1,1,0,0,1,0,0,0,0,0,1,1,1,1,1
20,4.2,EGYPTIAN MAGIC-Egyptian Magic Cream,1,1,1,1,1,0,0,0,1,0,0,0,0,0,0,0,0,0,0,1,0,0,0,0,0,1,1,1,1,1
21,4.5,IT COSMETICS-Confidence In Your Beauty Sleep Cream,1,1,1,1,1,1,0,0,1,1,1,1,0,0,0,1,0,0,0,1,0,0,0,0,0,1,1,1,1,0
22,4.4,OLE HENRIKSEN-C-Rush Brightening Gel Crème,1,1,1,1,0,1,0,0,1,1,1,0,0,0,0,1,0,0,0,1,0,1,0,0,0,1,1,1,1,1
23,4.0,THE INKEY LIST-Peptide Moisturizer,1,1,1,1,0,0,0,0,1,0,1,1,0,0,0,0,0,0,0,1,0,0,0,0,0,1,1,1,1,1
24,4.1,BIOSSANCE-Squalane + Probiotic Gel Moisturizer,1,1,1,1,0,0,0,0,1,1,0,0,0,0,0,0,0,0,0,0,0,1,0,0,0,1,1,1,1,1
25,4.6,DRUNK ELEPHANT-Protini™ Polypeptide Cream Mini,1,1,1,1,0,1,0,0,1,1,1,0,0,0,0,1,1,0,0,1,0,0,0,0,0,1,1,1,1,1
26,4.5,LANEIGE-Cream Skin Refiner,1,1,1,1,1,0,0,0,1,1,0,1,0,0,0,0,0,0,0,1,0,0,0,0,0,1,1,1,1,1
27,4.7,ALLIES OF SKIN-Retinal & Peptides Repair Night Cream,1,1,1,1,0,1,0,0,1,1,1,0,0,0,0,1,0,0,0,1,0,0,0,0,0,1,1,1,1,1
28,5.0,FRESH-Day & Night Hydration (Christmas Limited Edition),1,1,1,1,0,1,0,0,1,1,0,0,0,0,0,0,0,0,0,1,0,1,0,0,0,1,1,1,1,1
29,4.5,BIOSSANCE-Squalane + Omega Repair Cream,1,1,1,1,0,0,0,0,1,1,1,1,0,0,0,0,0,0,0,1,0,0,0,0,0,1,1,1,1,0
30,4.6,INNISFREE-Jeju Cherry Blossom Jelly Cream,1,1,1,1,0,0,0,0,1,1,0,0,0,0,0,0,0,0,0,1,0,1,0,0,0,1,1,1,1,1
31,4.5,FRESH-Rose Deep Hydration Essentials (Christmas Limited Edition),1,1,1,1,0,0,0,0,1,1,0,0,0,0,0,1,0,1,0,1,0,0,1,0,0,1,1,1,1,1
32,4.4,SHISEIDO-Energizing Moisturizer Extra Light Fluid,1,1,1,1,0,0,0,0,1,1,1,0,0,0,0,0,0,0,0,1,0,0,0,0,0,1,1,1,1,1
33,4.1,DRUNK ELEPHANT-A-Passioni™ Retinol Skincare Cream,1,1,1,1,0,1,0,0,1,0,1,1,0,0,0,1,1,0,0,1,0,0,0,0,0,1,1,1,1,1
34,4.5,IT COSMETICS-Confidence in a Cream™ Transforming Moisturizing Super Cream,1,1,1,1,1,1,0,0,1,0,1,1,0,0,0,1,0,0,0,1,0,0,0,0,0,1,1,1,1,1
35,4.5,FIRST AID BEAUTY-Ultra Repair Firming Collagen Cream,1,1,1,1,1,1,0,0,1,0,1,1,0,0,0,1,0,0,0,1,0,0,0,0,0,1,1,1,1,1
36,4.0,DRUNK ELEPHANT-Protini™ Polypeptide Cream,1,1,1,1,1,1,0,0,1,0,1,0,0,0,0,1,1,0,0,1,0,0,0,0,0,1,1,1,1,1
37,4.5,KORA ORGANICS BY MIRANDA KERR-Turmeric Glow Moisturizer,1,1,1,1,1,1,0,0,0,1,1,0,0,1,0,1,0,0,0,1,0,0,0,0,0,1,1,1,1,0
38,4.4,SUNDAY RILEY-C.E.O. Vitamin C Rich Hydration Cream,1,1,1,1,0,1,0,0,1,1,0,0,0,1,0,1,0,0,0,1,0,0,0,0,0,1,1,1,1,1
39,4.2,DRUNK ELEPHANT-Lala Retro™ Whipped Cream,1,1,1,1,1,0,0,0,1,1,1,0,0,0,0,0,0,0,0,1,0,0,0,0,0,1,1,1,1,1
40,4.6,SEPHORA COLLECTION-Matte Moisturizer,1,0,1,1,0,0,0,0,1,0,0,0,1,0,0,0,0,0,0,1,0,0,0,0,0,1,1,1,1,1
41,4.6,SEPHORA COLLECTION-All Day Hydrator,1,1,1,1,0,1,0,0,1,1,0,0,0,0,0,0,0,0,0,1,0,0,0,0,0,1,1,1,1,1
42,4.4,KENZOKI-Hydration Flow Moisturizing Skin Guardian - Normal To Dry Skin,1,1,1,1,0,0,0,0,1,1,0,0,0,0,0,0,0,0,0,1,0,0,0,0,0,1,1,1,1,1
43,4.6,IT COSMETICS-Confidence In A Gel Lotion,1,1,1,1,1,1,0,0,1,1,1,0,0,0,0,1,0,0,0,0,0,1,0,1,0,1,1,1,1,1
44,4.6,SHISEIDO-Essential Energy Hydrating Cream,1,1,1,1,0,0,0,0,1,1,0,0,0,0,0,1,0,0,0,1,0,0,0,0,0,1,1,1,1,1
45,3.9,CLINIQUE-Anti-Blemish All Over Clearing Treatment,0,0,0,1,0,0,0,1,1,0,0,0,0,0,0,0,0,0,0,1,0,0,0,0,0,1,1,1,1,1
46,4.1,DR.JART+-Vital Hydra Solution Biome Water Cream,1,1,1,1,1,0,0,0,1,0,0,0,0,0,0,0,0,0,0,1,0,1,0,0,0,1,1,1,1,1
47,4.4,TARTE-Maracuja Oil,1,1,1,1,1,1,0,0,1,1,0,1,1,0,0,1,0,0,0,0,0,0,0,0,1,1,1,1,1,1
48,4.5,FARMACY-Honey Halo Ultra-Hydrating Ceramide Moisturizer,0,1,1,0,0,0,0,0,1,1,1,1,0,0,0,1,0,0,0,1,0,0,0,0,0,1,1,1,1,1
49,4.5,SEPHORA COLLECTION-Ultra Glow Mask With Vitamins C & E,1,1,1,1,0,0,0,0,1,1,0,0,0,1,0,1,0,0,0,0,0,1,0,0,0,1,1,1,1,1
50,4.6,ORIGINS-Plantscription Retinol Night Moisturizer with Alpine Flower,1,1,1,1,1,0,0,0,1,1,1,0,0,0,0,1,1,1,0,1,0,0,0,0,0,1,1,1,1,1
51,4.3,ORIGINS-High-Potency Night-A-Mins™ Oil-Free Resurfacing Cream with Fruit-Derived AHAs,1,1,1,1,0,0,0,0,1,1,0,0,0,0,0,0,0,0,0,1,0,0,0,0,0,1,1,1,1,1
52,4.4,SHISEIDO-Vital-perfection Sculpting Lift Cream,1,1,1,1,0,0,0,0,0,0,1,1,0,1,0,0,0,0,0,1,0,0,0,0,0,1,1,1,1,1
53,4.4,GIVENCHY-Skin Ressource Protective Moisturising Rich Cream Refill,1,1,1,0,0,0,0,0,1,1,0,0,0,0,0,1,0,0,0,1,0,0,0,0,0,1,1,1,1,1
54,4.6,GLAMGLOW-Superwatergel Triple-Acid Oil-Free Moisturizer,1,1,1,1,0,0,0,1,1,1,0,0,0,0,0,0,0,1,0,0,0,1,1,0,0,1,1,1,1,1
55,4.4,DIOR-Capture Totale DreamSkin Care & Perfect Emulsion,1,1,1,1,1,0,0,0,1,1,0,0,0,1,0,1,0,1,0,0,0,0,1,0,0,1,1,1,1,0
56,4.4,LA MER-The Moisturizing Soft Cream Moisturizer,1,1,0,0,0,0,0,0,1,1,0,0,0,0,0,0,0,0,0,1,0,0,0,0,0,1,1,1,1,1
57,4.4,OLE HENRIKSEN-Dewtopia 5% Acid Firming Night Crème,1,1,1,1,1,0,0,0,1,1,1,1,0,1,0,1,1,0,0,1,0,0,0,0,0,1,1,1,1,1
58,4.4,INDIE LEE-Brightening Cream,1,1,1,1,1,0,0,0,1,1,0,0,0,0,0,1,1,0,0,1,0,0,0,0,0,1,1,1,1,1
59,4.4,SHISEIDO-Essential Energy Hydrating Cream Refill,1,1,1,1,0,0,0,0,1,1,0,0,0,0,0,1,0,0,0,1,0,0,0,0,0,1,1,1,1,1
60,4.3,KOPARI-Coconut Face Cream,1,1,1,1,1,0,0,0,1,1,0,0,0,0,0,0,0,0,0,1,0,0,0,1,0,1,1,1,1,0
61,4.4,IT COSMETICS-Beautiful Together Day-To-Night Skincare Duo (Christmas Limited Edition),1,1,1,1,0,1,0,0,1,1,1,1,0,0,0,1,0,0,0,1,0,0,0,0,0,1,1,1,1,1
62,4.0,SEPHORA COLLECTION-Firming Night Cream,1,1,1,1,1,1,0,0,1,1,1,1,0,0,0,0,0,0,0,1,0,0,0,0,0,1,1,1,1,1
63,3.5,DR. DENNIS GROSS-B3Adaptive Superfoods Barrier Repair Face Cream,1,1,1,1,0,1,0,0,1,1,0,1,0,0,0,1,0,0,0,1,0,0,0,0,0,1,1,1,1,1
64,4.2,TARTE-Sea Drink Of H₂O Hydrating Boost Moisturizer,1,1,1,1,1,0,0,0,1,0,0,0,0,0,0,0,0,0,0,1,0,1,0,0,0,1,1,1,1,1
65,4.4,TALIKA-Skintelligence Hydra - Intense Hydrating Light Cream,1,1,1,1,0,0,0,0,1,1,0,0,0,0,0,1,0,0,0,1,0,0,0,0,0,1,1,1,1,1
66,3.7,SHISEIDO-Future Solution LX Total Regenerating Cream,1,1,1,1,0,1,0,0,0,1,0,1,0,0,0,0,0,0,0,1,0,0,0,0,0,1,1,1,1,1
67,4.4,LAB SERIES-Anti-Age Max LS Cream,1,1,1,1,0,1,0,0,1,1,1,1,0,0,0,0,0,0,0,1,0,0,0,0,0,1,1,1,1,1
68,4.6,DR.JART+-Cicapair Calming Gel Cream,1,1,1,1,1,0,0,0,1,1,0,0,0,0,0,1,0,0,0,1,0,1,0,0,0,1,1,1,1,1
69,3.3,ESTÉE LAUDER-Revitalizing Supreme+ Night Intensive Restorative Crème,1,1,1,1,0,1,0,0,1,1,1,1,0,0,0,0,0,0,0,1,0,0,0,0,0,1,1,1,1,1
70,3.8,LA MER-The Moisturising Cool Gel Cream Moisturizer,1,0,0,1,0,0,0,0,1,1,0,0,0,0,0,0,0,0,0,0,0,1,0,0,0,1,1,1,1,1
71,4.4,CLE DE PEAU-Intensive Fortifying Cream Refill,1,1,1,1,0,0,0,0,1,1,1,1,0,0,0,0,0,0,0,1,0,0,0,0,0,1,1,1,1,1
72,4.6,DERMALOGICA-Barrier Repair Moisturizer,1,1,1,1,0,0,0,1,0,0,0,0,0,0,0,0,0,0,0,1,0,0,0,0,0,1,1,1,1,1
73,4.3,LANEIGE-Radian-C Cream,1,1,1,1,1,1,0,0,1,1,0,0,0,1,0,1,1,0,0,1,0,0,0,0,0,1,1,1,1,0
74,5.0,SHISEIDO-Vital Perfection Uplifting & Firming Cream Enriched,1,1,1,1,0,1,0,0,1,0,1,1,0,1,0,0,0,0,0,1,0,0,0,0,0,1,1,1,1,0
75,4.4,CLINIQUE-Dramatically Different Moisturizing Lotion+,1,0,1,0,1,0,0,0,1,0,0,0,0,0,0,0,0,0,0,0,0,0,0,1,0,1,1,1,1,1
76,4.3,FIRST AID BEAUTY-Ultra Repair Hydra-Firm Night Cream,1,1,1,1,1,1,0,0,1,0,1,1,0,0,0,1,0,0,0,1,0,0,0,0,0,1,1,1,1,0
77,4.3,PHILOSOPHY-Purity Made Simple Ultra-Light Moisturizer,1,1,1,1,1,1,0,0,1,0,0,0,0,0,0,0,0,1,0,1,0,0,0,0,0,1,1,1,1,0
78,5.0,SHISEIDO-Benefiance Wrinkle Smoothing Cream Enriched,1,1,1,1,0,1,0,0,0,0,1,1,0,0,0,0,0,0,0,1,0,0,0,0,0,1,1,1,1,0
79,4.3,SEPHORA COLLECTION-Overnight Firming Cream,1,1,1,1,1,0,0,0,1,1,1,1,0,0,0,1,0,0,0,1,0,0,0,0,0,1,1,1,1,1
80,4.2,FRESH-Rose Hydrating Water Gel Cream Moisturizer,1,1,1,1,0,0,0,0,1,0,0,0,0,0,0,0,0,0,0,1,0,1,0,0,0,1,1,1,1,1
81,5.0,KENZOKI-Youth Flow Skin Renew Velvet Cream,1,1,1,1,0,1,0,0,1,1,1,1,0,0,0,0,0,0,0,1,0,0,0,0,0,1,1,1,1,1
82,4.3,FRESH-Vitamin Nectar Moisture Glow Face Cream,1,1,1,1,0,0,0,0,0,1,0,0,0,0,0,0,0,0,0,1,0,0,0,0,0,1,1,1,0,0
83,4.0,DRGL-Moisturiser All Skin Types,1,1,1,1,1,1,0,0,1,1,1,1,0,1,0,0,0,0,0,0,0,0,1,0,0,0,1,1,1,0
84,4.4,SHISEIDO-Future Solution LX Legendary Enmei Ultimate Renewing Cream,1,1,1,1,1,1,0,0,1,1,0,1,0,0,0,1,0,0,0,1,0,0,0,0,0,1,1,1,1,1
85,4.4,CLE DE PEAU-The Cream,1,1,1,1,0,0,0,0,1,1,1,1,0,1,0,1,0,0,0,1,0,0,0,0,0,1,1,1,1,1
86,2.7,PHILOSOPHY-Ultimate Miracle Worker Night Multi-rejuvenating Nighttime Serum In Cream,1,1,1,1,0,1,0,0,1,1,1,1,0,1,0,1,1,1,0,1,0,0,0,0,0,0,1,1,1,0
87,4.3,CLINIQUE-Dramatically Different Hydrating Jelly,1,1,1,1,1,0,0,0,1,0,0,0,0,0,0,1,0,0,0,0,0,1,0,0,0,1,1,1,1,1
88,4.4,GIVENCHY-Skin Ressource Protective Moisturising Velvet Cream Refill,1,1,1,1,0,0,0,0,1,1,0,0,0,0,0,0,0,0,0,1,0,1,0,0,0,1,1,1,1,1
89,4.3,DIOR-Capture Youth Age-Delay Advanced Crème Moisturiser,1,1,1,1,0,1,0,0,0,0,1,0,0,0,0,1,0,0,0,1,0,0,0,0,0,0,1,1,1,0
90,4.4,DIOR-Prestige La Crème Texture Essentielle,1,1,1,1,0,1,0,0,0,0,1,0,0,0,0,1,0,0,0,1,0,0,0,0,0,1,1,1,1,1
91,4.4,LAB SERIES-Daily Rescue Energizing Face Lotion,1,1,1,1,0,1,0,0,1,1,1,0,0,0,0,1,0,0,0,0,0,0,0,1,0,1,1,1,1,1
92,5.0,SULWHASOO-Concentrated Ginseng Renewing Cream EX Classic,1,1,1,1,0,1,0,0,1,1,0,1,0,0,0,1,0,0,0,1,0,0,0,0,0,1,1,1,1,1
93,5.0,LAB SERIES-All-In-One Face Treatment,1,1,1,1,0,0,0,0,1,1,1,0,1,0,0,0,0,0,0,1,0,0,0,0,0,1,1,1,1,1
94,5.0,LAB SERIES-All-In-One Face Treatment,1,1,1,1,0,0,0,0,1,1,1,0,1,0,0,0,0,0,0,1,0,0,0,0,0,1,1,1,1,1
95,5.0,SHISEIDO-Treatment Softener Lotion,1,0,1,1,0,0,0,0,1,0,1,0,0,0,0,1,0,0,0,0,0,0,0,1,0,1,1,1,1,0
96,5.0,SULWHASOO-Concentrated Ginseng Renewing Cream EX Classic,1,1,1,1,0,1,0,0,1,1,0,1,0,0,0,1,0,0,0,1,0,0,0,0,0,1,1,1,1,1
97,4.4,SATURDAY SKIN-Waterfall Glacier Water Cream,1,1,1,1,1,0,0,0,1,1,0,1,0,0,0,1,1,0,0,0,0,1,0,0,0,1,1,1,1,1
98,4.4,GIVENCHY-Ressource Soothing Moisturizing Treatment Lotion,1,1,1,1,1,0,0,0,1,0,0,0,0,0,0,1,0,0,0,0,0,0,0,1,0,1,1,1,1,1
99,4.4,HEURE-Ageless Night Treatment Moisturiser,1,1,1,1,0,1,0,0,1,1,1,1,0,0,0,1,0,0,0,1,0,0,0,0,0,1,1,1,1,0
100,2.0,CHARLOTTE TILBURY-Refillable Magic Night Cream,1,1,1,1,0,0,0,0,1,0,0,0,0,0,0,0,0,0,0,1,0,0,0,0,0,1,1,1,1,1
101,4.2,CLINIQUE-Smart Clinical Repair Wrinkle Correcting Cream,1,1,1,1,0,1,0,0,1,0,1,0,0,0,0,1,0,0,0,1,0,0,0,0,0,1,1,1,1,1
102,4.1,PIXI-Rose Ceramide Cream,1,1,1,1,1,0,0,0,1,0,0,0,0,0,0,1,0,0,0,1,0,0,0,0,0,1,1,1,1,1
103,4.1,SUNDAY RILEY-Ice Ceramide Moisturizing Cream,0,1,1,0,1,1,0,0,1,0,0,0,0,0,0,0,0,0,0,1,0,0,0,0,0,1,1,1,1,1
104,3.5,PIXI-Retinol Jasmine Lotion,1,1,1,1,1,0,0,0,1,1,0,1,0,0,0,1,1,0,0,0,0,0,0,1,0,1,1,1,1,1
105,4.4,CAUDALIE-Resveratrol-Lift Firming Night Cream,1,1,1,1,0,0,0,0,1,1,1,1,0,0,0,1,0,0,0,1,0,0,0,0,0,1,1,1,1,1
106,4.9,ALLIES OF SKIN-Peptides & Antioxidants Firming Daily Treatment,1,1,1,1,0,0,0,0,1,1,1,1,0,0,0,0,0,1,0,1,0,0,0,0,0,1,1,1,1,0
107,4.4,TALIKA-Skintelligence Hydra - Intense Hydrating Rich Cream,1,1,1,1,0,0,0,0,1,1,0,0,0,0,0,0,0,0,0,1,0,0,0,0,0,1,1,1,1,1
108,4.4,KENZOKI-Youth Flow Dream Night Mask,1,1,1,1,0,1,0,0,1,1,1,1,0,0,0,1,0,0,0,1,0,0,0,0,0,1,1,1,1,1
109,4.4,ALLIES OF SKIN-Molecular Barrier Recovery Cream Balm,1,1,1,1,0,0,0,0,1,0,1,1,0,0,0,1,0,0,1,1,0,0,0,0,0,1,1,1,1,1
110,4.4,STARSKIN-Orglamic™ Pink Cactus Pudding Moisturiser,1,1,1,1,1,0,0,0,1,1,0,0,0,0,0,1,1,0,0,1,0,1,0,1,0,1,1,1,1,1
111,3.9,CAUDALIE-Vinopure Skin Perfecting Mattifying Moisturizer,1,1,1,1,1,0,1,1,1,1,0,0,0,0,0,0,1,0,0,0,0,0,0,1,0,1,1,1,1,1
112,4.4,PETER THOMAS ROTH-Vital-E Microbiome Age Defense Cream,1,1,1,1,0,1,0,0,0,1,0,0,0,0,0,0,0,0,0,1,0,0,0,0,0,1,1,1,1,1
113,4.4,DERMALOGICA-Calm Water Gel,0,0,0,0,1,0,0,0,1,0,0,0,0,0,0,0,0,0,0,0,0,1,0,0,0,1,1,1,1,1
114,4.5,DERMALOGICA-Intensive Moisture Balance Moisturizer,1,1,1,1,0,0,0,0,1,0,1,0,0,0,0,0,0,0,0,1,0,0,0,0,0,1,1,1,1,1
115,4.6,DERMALOGICA-Skin Smoothing Moisturizer Cream,1,1,1,1,0,0,0,0,1,0,0,0,0,0,0,0,0,0,0,1,0,0,0,0,0,1,1,1,1,1
116,4.6,DERMALOGICA-Active Moist 2.0 Moisturizer,1,1,1,1,0,0,0,0,1,0,0,0,0,0,0,1,0,0,0,0,0,0,0,1,0,1,1,1,1,1
117,3.5,EVE LOM-Moisture Cream,1,1,1,1,1,0,0,0,1,1,1,0,0,0,0,1,1,0,0,1,0,0,0,0,0,1,1,1,1,1
118,1.0,KENZOKI-Hydration Flow Short Night Sleeping Mask,1,1,1,1,0,0,0,0,1,1,0,0,0,0,0,1,0,0,0,1,0,0,0,0,0,1,1,1,1,1
119,4.4,KENZOKI-Hydration Flow Moisturizing Skin Guardian - Combination To Oily Skin,1,1,1,1,0,0,0,0,1,1,0,1,0,0,0,1,0,0,0,1,0,0,0,0,0,1,1,1,1,1
120,4.5,KORA ORGANICS BY MIRANDA KERR-Turmeric Glow Moisturizer Refill Pod,1,1,1,1,1,1,0,0,0,1,1,0,0,1,0,1,0,0,0,1,0,0,0,0,0,1,1,1,1,0
121,4.4,DRGL-Moisturiser Collagen Boost Duo,1,1,1,1,0,0,0,0,1,0,1,1,0,1,0,1,0,0,0,1,0,0,0,0,0,1,1,1,1,1
122,5.0,LAB SERIES-Daily Rescue Energizing Gel Cream,1,1,1,1,0,1,0,0,1,1,1,0,0,0,0,0,0,0,0,1,0,1,0,0,0,1,1,1,1,1
123,4.3,LIXIRSKIN-Universal Emulsion,1,1,1,1,1,0,0,0,1,1,1,0,0,0,0,0,0,0,0,1,0,0,0,0,0,1,1,1,1,0
124,3.7,PETER THOMAS ROTH-Potent-C Bright & Plump Moisturizer,1,1,1,1,1,1,0,1,1,1,1,1,0,0,0,0,0,0,0,1,0,0,0,0,0,1,1,1,1,1
125,4.4,SULWHASOO-Concentrated Ginseng Renewing Emulsion EX,1,1,1,1,0,1,0,0,1,0,0,1,0,0,0,0,0,0,0,0,0,0,0,1,0,1,1,1,1,1
126,4.4,SULWHASOO-Concentrated Ginseng Renewing Cream EX,1,1,1,1,0,1,0,0,1,1,0,1,0,0,0,1,0,0,0,1,0,0,0,0,0,1,1,1,1,1
127,5.0,CHARLOTTE TILBURY-Magic Night Cream Refill,1,1,1,1,0,0,0,0,1,0,0,0,0,0,0,0,0,0,0,1,0,0,0,0,0,1,1,1,1,1
128,4.4,CLE DE PEAU-Volumizing Cream Supreme,1,1,1,1,0,1,0,0,0,1,1,0,0,0,0,0,0,0,0,1,0,0,0,0,0,1,1,1,1,1
129,4.0,GUERLAIN-Midnight Secret 15ml,1,1,1,1,0,0,0,0,0,0,0,0,0,0,1,0,0,0,0,1,0,0,0,0,0,1,1,1,1,1
130,3.7,INNISFREE-Jeju Orchid Enriched Cream,1,1,1,0,0,1,0,0,1,1,0,1,0,0,0,1,0,0,0,1,0,0,0,0,0,1,1,1,1,0
131,5.0,WEI-Five Sacred Grains Rapid Glow Liquid Milk Moisturiser,1,1,1,1,1,0,0,0,1,1,0,0,0,0,0,1,1,0,0,0,0,0,1,1,0,1,1,1,1,1
132,4.4,AMUSE-Phytoncica™ Eco Ceramide Cream,1,1,1,1,0,0,0,0,1,1,0,1,0,0,0,0,0,0,0,1,0,0,0,0,0,1,1,1,1,1
133,4.4,CLE DE PEAU-Intensive Fortifying Emulsion,1,1,1,1,0,0,0,0,1,1,0,1,0,0,0,0,0,0,0,1,0,0,0,0,0,1,1,1,1,1
134,4.4,CLE DE PEAU-The Cream Refill,1,1,1,1,0,0,0,0,1,1,1,1,0,0,0,1,0,0,0,1,0,0,0,0,0,1,1,1,1,1
135,4.4,BOBBI BROWN-Hydrating Water Fresh Cream Moisturiser,1,1,1,1,1,0,0,0,1,0,0,0,0,0,0,1,0,1,0,1,0,0,0,0,0,1,1,1,1,1
136,4.4,SHISEIDO-Benefiance Wrinkle Smoothing Cream,1,1,1,1,0,1,0,0,0,1,1,1,0,0,0,0,0,0,0,1,0,0,0,0,0,1,1,1,1,0
137,3.0,WEI-Five Sacred Grains Perfect Radiance Pudding Cream Moisturiser,1,1,1,1,1,0,0,0,1,1,0,0,0,0,0,1,1,0,0,1,0,0,0,0,0,1,1,1,1,1
138,5.0,CLINIQUE-Moisture Surge™ 100H Auto-Replenishing Hydrator (Limited Edition),1,1,1,1,1,0,0,0,1,0,0,0,0,0,0,0,0,0,0,1,0,1,0,0,0,1,1,1,1,1
139,4.5,LANEIGE-Perfect Renew Youth Regenerating Cream,1,1,1,1,0,1,0,0,1,1,1,1,0,0,0,1,0,0,0,1,0,0,0,0,0,1,1,1,1,0
140,3.6,SHISEIDO-White Lucent Overnight Cream and Mask,1,1,1,1,0,1,0,0,0,0,1,1,0,0,0,0,0,0,0,1,0,0,0,0,0,1,1,1,1,1
141,4.4,LANEIGE-Perfect Renew Youth Emulsion,1,1,1,1,0,1,0,0,1,1,0,1,0,0,0,1,0,0,0,1,0,0,0,0,0,1,1,1,1,0
142,4.2,GLAMGLOW-Waterburst™ Hydrated Glow Moisturizer,1,1,1,1,0,0,0,0,1,1,0,0,0,0,0,0,0,0,0,1,0,0,0,0,0,1,1,1,1,1
143,4.6,CLINIQUE-Moisture Surge Intense 72Hr Lipid-Replenishing Hydrator,1,1,1,1,1,0,0,0,1,0,0,1,0,0,0,0,0,0,0,1,0,0,0,0,0,1,1,0,1,1
144,4.0,SHISEIDO-Treatment Softener Enriched Lotion,1,1,1,0,0,0,0,0,1,1,1,0,0,0,0,0,0,0,0,0,0,0,0,1,0,1,1,1,1,0
145,4.0,GUERLAIN-Abeille Royale Night Cream,1,1,1,1,1,0,0,0,1,0,1,1,0,0,0,0,0,0,0,1,0,0,0,0,0,1,1,1,1,1
146,4.4,CLE DE PEAU-Intensive Fortifying Cream,1,1,1,1,0,0,0,0,1,1,0,1,0,0,0,0,0,0,0,1,0,0,0,0,0,1,1,1,1,1
147,4.4,ALLIES OF SKIN-Multi Nutrient & Dioic Renewing Cream,1,1,1,1,0,0,0,0,1,1,0,0,0,0,0,0,0,1,0,1,0,0,0,0,0,1,1,1,1,1
148,4.4,TALIKA-Skintelligence Anti-Age - Regenerating Night Cream,1,1,1,1,0,1,0,0,1,1,0,1,0,0,0,1,0,0,0,1,0,0,0,0,0,1,1,1,1,1
149,4.4,EVE LOM-Moisture Lotion,1,1,1,1,1,0,0,0,1,0,0,0,1,0,0,0,0,1,0,0,0,0,0,1,0,1,1,1,1,1
150,4.2,EDIBLE BEAUTY-& Coco Bliss Intensive Repair,1,1,1,1,1,1,0,0,1,1,1,1,0,1,0,1,1,1,0,1,0,0,0,0,0,1,1,1,1,1
151,4.0,BOSCIA-Chia Seed Moisture Cream,1,1,1,1,1,0,0,0,1,0,0,0,0,0,0,1,0,0,0,1,0,0,0,0,0,1,1,1,1,1
152,4.4,SHISEIDO-Vital-perfection White Revitalizing Emulsion Enriched,1,1,1,1,0,1,0,0,1,1,1,1,0,1,0,1,0,0,0,0,0,0,1,0,0,1,1,1,1,1
153,4.4,INNISFREE-Green Tea Seed Cream,1,1,1,1,1,0,0,0,1,1,1,0,0,0,0,1,0,0,0,1,0,0,0,0,0,1,1,1,1,1
154,4.4,NUDESTIX-Citrus-C Mask & Daily Moisturizer,1,1,1,1,0,0,0,1,1,1,0,0,1,0,0,1,0,0,0,1,0,0,0,0,0,1,1,1,1,1
155,4.0,DERMALOGICA CLEAR START-Cooling Aqua Jelly,1,1,1,1,0,0,0,0,1,1,0,0,1,0,0,1,0,0,0,0,0,1,0,0,0,1,1,1,1,1
156,4.4,KOPARI-Moisture Whipped Ceramide Cream,1,1,1,1,0,0,0,0,1,0,0,0,0,0,0,0,0,0,0,1,0,0,0,0,0,1,1,1,1,1
157,4.0,THE INKEY LIST-Retinol Eye Cream,1,1,1,1,0,1,0,0,0,0,1,1,0,0,0,0,0,0,0,1,0,0,0,0,0,1,1,1,1,1
158,5.0,WEI-Royal Ming Empress Cream Moisturiser,1,1,1,1,1,0,0,0,1,1,1,1,0,1,0,1,1,0,0,1,0,0,0,0,0,1,1,1,1,1
159,4.4,EVE LOM-TLC Moisturizing Cream,1,1,1,1,1,0,0,0,1,0,0,0,0,0,0,0,0,0,0,1,0,0,0,0,0,1,1,1,1,1
160,4.3,TATCHA-The Silk Cream,1,1,1,0,0,0,0,0,1,0,1,1,0,0,0,0,0,0,0,1,0,1,0,0,0,1,1,1,1,1
161,4.4,LA MER-Blue Heart Crème De La Mer (Limited Edition),1,1,1,1,0,1,0,0,1,0,1,0,0,0,0,1,0,0,0,1,0,0,0,0,0,1,1,1,1,1
162,4.7,LANCÔME-Clarifique Brightening Plumping Milky Cream,1,1,1,1,1,1,0,0,1,1,0,0,1,1,0,1,1,1,0,1,0,0,0,0,0,1,1,1,1,1
163,4.8,LANEIGE-Time Freeze Intensive Cream EX,1,1,1,1,1,1,0,0,1,0,0,1,0,0,0,1,0,0,0,1,0,0,0,0,0,1,1,1,1,1
164,4.0,ORIGINS-Ginzing Oil-Free Energy-Boosting Gel Moisturizer,1,1,1,1,0,0,0,0,1,1,0,0,0,0,0,0,0,0,0,0,0,1,0,0,0,1,1,1,1,1
165,3.5,BURT'S BEES-Sensitive Night Cream,1,1,1,1,1,0,0,0,1,0,0,0,0,0,0,0,0,0,0,1,0,0,0,0,0,1,1,1,1,1
166,4.2,DR. DENNIS GROSS-Ferulic + Retinol Anti-Aging Moisturizer,1,1,1,1,0,1,0,0,1,1,1,1,0,0,0,1,0,0,0,1,0,0,0,0,0,1,1,1,1,0
167,4.0,SUNDAY RILEY-C.E.O. C + E Antioxidant Protect + Repair Moisturizer,1,1,1,1,1,1,0,0,1,1,0,0,0,1,0,1,1,0,0,1,0,0,0,1,0,1,1,1,1,1
168,4.3,SKYN ICELAND-The Antidote Cooling Daily Lotion,1,1,1,1,1,0,0,1,1,0,0,0,0,0,0,0,0,0,0,0,0,0,0,1,0,1,1,1,1,1
169,3.2,SKYN ICELAND-Oxygen Infusion Night Cream,1,1,1,1,1,1,0,0,1,1,1,0,0,0,1,0,0,0,0,1,0,0,0,0,0,1,1,1,1,0
170,4.6,GALLINÉE-Hydrating Face Cream,1,1,1,1,1,0,0,0,1,1,0,0,0,0,0,0,1,0,0,1,0,0,0,0,0,1,1,1,1,1
171,4.2,FIRST AID BEAUTY-Skin Rescue Daily Face Cream,1,1,1,1,1,0,0,1,1,0,0,0,1,0,0,0,0,0,0,1,0,0,0,0,0,1,1,1,1,1
172,5.0,WEI-Royal Ming Imperial Lotion Moisturiser,1,1,1,1,1,0,0,0,1,1,1,0,0,1,0,1,1,0,0,0,0,0,1,1,0,1,1,1,1,1
173,4.0,SULWHASOO-Essential Balancing Emulsion EX Moisturiser,1,1,1,1,0,0,0,0,1,1,0,0,0,0,0,1,0,0,0,0,0,0,0,1,0,1,1,1,1,1
174,4.4,ORIGINS-Make A Difference™ Plus+ Rejuvenating Treatment,0,1,1,0,0,0,0,0,1,0,0,0,0,0,0,0,0,0,0,1,0,0,0,0,0,1,1,1,1,1
175,4.4,ELEMIS-Superfood Night Cream,1,1,1,1,0,0,0,0,1,1,0,0,0,0,0,1,0,0,0,1,0,1,0,0,0,1,1,1,1,1
176,4.4,TATCHA-The Water Cream,1,1,1,1,1,1,0,0,1,1,0,0,0,0,0,1,0,1,0,1,0,0,0,0,0,1,1,1,1,1
177,4.0,THE INKEY LIST-Omega Water Cream,1,1,1,1,0,0,0,0,1,0,0,0,0,0,0,0,0,0,0,1,0,1,0,0,0,1,1,1,1,1
178,5.0,LAURA MERCIER-Skin Essentials Collection,1,1,1,1,0,1,0,0,1,1,0,0,0,0,0,1,0,0,0,1,1,0,1,0,0,1,1,1,1,0
179,4.2,SKYN ICELAND-Pure Cloud Cream,1,1,1,1,1,0,0,1,1,0,0,0,0,0,0,1,0,0,0,1,0,0,0,0,0,1,1,1,1,1
180,5.0,CLINIQUE-Repairwear Laser Focus Night Line Smoothing Cream,1,1,1,0,1,0,0,0,1,0,1,0,0,0,0,0,0,0,0,1,0,0,0,0,0,1,1,1,1,0
181,4.4,FOR BELOVED ONE-Melasleep Brightening Lumi's Key Lotion,1,1,1,1,1,0,0,0,0,1,0,0,0,1,0,1,1,0,0,0,0,0,0,1,0,1,1,1,1,1
182,3.2,KOPARI-Coconut Water Moisture Cream,1,1,1,1,1,0,0,0,1,1,0,0,0,0,0,1,0,0,0,1,0,1,0,0,0,1,1,1,1,1
183,4.0,PIXI-Beauty Sleep Cream,1,1,1,1,0,0,0,0,1,0,0,0,0,0,0,0,0,0,0,1,0,0,0,0,0,1,1,1,1,0
184,4.3,CAUDALIE-Premier Cru Cream,1,1,1,1,1,1,0,0,0,1,1,1,0,0,0,0,0,0,0,1,0,0,0,0,0,1,1,1,1,0
185,4.0,BURT'S BEES-Skin Nourishment Night Cream,1,1,1,1,0,0,0,0,1,1,1,0,0,0,0,0,0,0,0,1,0,0,0,0,0,1,1,1,1,0
