pdt_url,brand,pdt_name,price,rating,num_reviews,sephora_exclusive,unique_id,pdt_images,skin_type,skin_concerns,formulation,age,category
https://www.sephora.sg/products/ole-henriksen-strength-trainer-peptide-boost-moisturizer/v/50ml,OLE HENRIKSEN,Strength Trainer Peptide Boost Moisturizer,80,4.5,698.0,1,OLE HENRIKSEN-Strength Trainer Peptide Boost Moisturizer,https://image-optimizer-reg.production.sephora-asia.net/images/product_images/closeup_1_Product_840026652919-Ole-Henriksen-Strength-Trainer-Peptide-Boost-Moisturizer-50ml_a45fd891a712fea8fd0d2a101e17a3240a7d02f9_1637239102.png,"Combination,Dry,Normal,Oily,Sensitive","Dryness,FineLines&Wrinkles,Firmness&Elasticity",Cream,"20s,30s,40s,50+,Under20",night_cream
https://www.sephora.sg/products/fresh-rose-deep-hydration-face-cream-moisturizer/v/50ml,FRESH,Rose Deep Hydration Face Cream Moisturizer,76,4.6,2106.0,0,FRESH-Rose Deep Hydration Face Cream Moisturizer,https://image-optimizer-reg.production.sephora-asia.net/images/product_images/closeup_1_Product-Clean_809280153457-Fresh-Rose-Deep-Hydration-Face-Cream-Moisturizer-50ml_385cedb0257672b46e56ee50ac0d410fa868d0ec_1620412434.png,"Combination,Dry,Normal,Oily","Dryness,Dullness",Cream,"20s,30s,40s,50+,Under20",night_cream
https://www.sephora.sg/products/ole-henriksen-cold-plunge-pore-remedy-moisturizer,OLE HENRIKSEN,Cold Plunge™ Pore Remedy Moisturizer,82,4.4,1052.0,1,OLE HENRIKSEN-Cold Plunge™ Pore Remedy Moisturizer,https://image-optimizer-reg.production.sephora-asia.net/images/product_images/closeup_1_Product_840026641593-Ole_Henriksen-Cold_Plunge_Pore_Remedy_Moisturizer-50ml_3ed49c526da276bcc4e66ade3ddd5163d0397066_1619407268.png,"Combination,Dry,Normal,Oily","Dryness,FineLines&Wrinkles,Oiliness,Pigmentation&DarkSpots,UnevenSkinTexture,VisiblePores",Cream,"20s,30s,40s,50+,Under20",night_cream
https://www.sephora.sg/products/first-aid-beauty-ultra-repair-cream/v/226g,FIRST AID BEAUTY,Ultra Repair Cream,69,4.5,10406.0,0,FIRST AID BEAUTY-Ultra Repair Cream,https://image-optimizer-reg.production.sephora-asia.net/images/product_images/closeup_1_Product_852575005856-First-Aid-Beauty-Ultra-Repair-Cream-226g_678790556aff7c806dcf67caca3eea21aa178009_1618234986.png,"Combination,Dry,Normal,Sensitive",Dryness,Cream,"20s,30s,40s,50+,Under20",night_cream
https://www.sephora.sg/products/glow-recipe-plum-plump-hyaluronic-cream/v/50ml,GLOW RECIPE,Plum Plump Hyaluronic Cream,62,4.5,1096.0,1,GLOW RECIPE-Plum Plump Hyaluronic Cream,https://image-optimizer-reg.production.sephora-asia.net/images/product_images/closeup_1_Product_810052961156-Glow-Recipe-Plum-Plump-Hyaluronic-Cream-50ml_cf7926be4e3edc9887b187f2475724d766ed9ad1_1659282619.png,"Combination,Dry,Normal,Oily,Sensitive","Dryness,Dullness,UnevenSkinTexture","Cream,Gel","20s,30s,40s,50+,Under20",night_cream
https://www.sephora.sg/products/fresh-best-of-beauty-bundle-christmas-limited-edition,FRESH,Best Of Beauty Bundle (Christmas Limited Edition),58,4.8,4.0,0,FRESH-Best Of Beauty Bundle (Christmas Limited Edition),https://image-optimizer-reg.production.sephora-asia.net/images/product_images/closeup_1_Product_809280159855-FRESH-Best-Of-Beauty-Bundle-Christmas-Limited-Edition-Default_eadd7b8b0304ec48f80f18c291ee4e5dc869d9b9_1663068118.png,"Combination,Dry,Normal,Oily","Dryness,Dullness,VisiblePores","Cream,Liquid","20s,30s,40s,50+,Under20",night_cream
https://www.sephora.sg/products/estee-lauder-revitalizing-supreme-plus-youth-power-soft-creme-moisturizer/v/75ml,ESTÉE LAUDER,Revitalizing Supreme+ Youth Power Soft Creme Moisturizer,197,5.0,3.0,0,ESTÉE LAUDER-Revitalizing Supreme+ Youth Power Soft Creme Moisturizer,https://image-optimizer-reg.production.sephora-asia.net/images/product_images/closeup_1_Product_887167539556-Estee-Lauder-Revitalizing-Supreme-Youth-Power-Soft-Creme-Moisturize_5060338f7289874ab2e2b6926c8665a7acc986c3_1642740846.png,"Combination,Dry,Normal,Oily","Ageing,Dryness,FineLines&Wrinkles,Firmness&Elasticity,UnevenSkinTexture,UnevenSkinTone",Cream,"20s,30s,40s,50+,Under20",night_cream
https://www.sephora.sg/products/clinique-dramatically-different-moisturizing-gel,CLINIQUE,Dramatically Different Moisturizing Gel,62,4.5,291.0,0,CLINIQUE-Dramatically Different Moisturizing Gel,https://image-optimizer-reg.production.sephora-asia.net/images/product_images/closeup_Dramatically_Different_Moisturizing_Gel_125ml_8c645ebe975fcec03762dffe915099a95264b6ae_1536214796.png,"Combination,Oily,Sensitive","Dryness,Oiliness",Gel,"20s,30s,40s,50+,Under20",night_cream
https://www.sephora.sg/products/fresh-best-selling-duo-christmas-limited-edition,FRESH,Best Selling Duo (Christmas Limited Edition),38,4.4,0.0,0,FRESH-Best Selling Duo (Christmas Limited Edition),https://image-optimizer-reg.production.sephora-asia.net/images/product_images/closeup_1_Product_809280158988-FRESH-Best_20Selling_20Duo_20Christmas_20Limited_20Edition-Default_1fcd34de177fb8b00f8ef1b0f0cc358f16d1945b_1663068108.png,"Combination,Dry,Normal,Oily",Dryness,"Cream,Gel","20s,30s,40s,50+,Under20",night_cream
https://www.sephora.sg/products/clinique-moisture-surge-100h-auto-replenishing-hydrator-moisturiser/v/50ml,CLINIQUE,Moisture Surge 100H Auto-Replenishing Hydrator Moisturiser,78,4.3,1910.0,0,CLINIQUE-Moisture Surge 100H Auto-Replenishing Hydrator Moisturiser,https://image-optimizer-reg.production.sephora-asia.net/images/product_images/closeup_1_Product_192333066935-Clinique-Moisture-Surge-100H-Auto-Replenishing-Hydrator-50ml_63239cf382461cd9c0a5f98f72a73787584e6483_1611221696.png,"Combination,Dry,Normal,Oily","Dryness,Dullness,Firmness&Elasticity,UnevenSkinTexture","Cream,Gel","20s,30s,40s,50+,Under20",night_cream
https://www.sephora.sg/products/sk-ii-skinpower-airy-milky-lotion/v/80g,SK-II,Skinpower Airy Milky Lotion,245,4.2,17.0,0,SK-II-Skinpower Airy Milky Lotion,https://image-optimizer-reg.production.sephora-asia.net/images/product_images/closeup_1_Product_4979006083279-Skii-Skinpower-Airy-Milky-Lotion-80g_0ab99d7fe6b8e1ad68389b15242154747007d3d9_1626684798.png,"Combination,Dry,Normal,Oily","Ageing,Dryness,Dullness,Firmness&Elasticity,UnevenSkinTexture,UnevenSkinTone",Cream,"20s,30s,40s,50+,Under20",night_cream
https://www.sephora.sg/products/sk-ii-skinpower-cream/v/80g,SK-II,Skinpower Cream,245,4.1,14.0,0,SK-II-Skinpower Cream,https://image-optimizer-reg.production.sephora-asia.net/images/product_images/closeup_1_Product_4979006083224-Skii-Skinpower-Cream-80g_1bd933adb6b58f3ed34d8e194fd17d9a1cb097d0_1626684796.png,"Combination,Dry,Normal,Oily","Ageing,Dryness,Dullness,Firmness&Elasticity,UnevenSkinTexture,UnevenSkinTone",Cream,"20s,30s,40s,50+,Under20",night_cream
https://www.sephora.sg/products/tatcha-the-dewy-skin-cream/v/50ml,TATCHA,The Dewy Skin Cream,120,4.2,2962.0,1,TATCHA-The Dewy Skin Cream,https://image-optimizer-reg.production.sephora-asia.net/images/product_images/closeup_1_Product_752830743083-Tatcha-The-Dewy-Skin-Cream-50ml_2f3cd265593248b8b8455c3f6c10fe63bd2f5ffe_1647862618.png,"Dry,Normal","Dryness,Dullness,UnevenSkinTexture,Firmness&Elasticity",Cream,"20s,30s,40s,50+,Under20",night_cream
https://www.sephora.sg/products/fresh-lotus-youth-preserve-dream-face-cream/v/50ml,FRESH,Lotus Youth Preserve Dream Face Cream,95,4.5,2203.0,0,FRESH-Lotus Youth Preserve Dream Face Cream,https://image-optimizer-reg.production.sephora-asia.net/images/product_images/closeup_1_Product_809280137341-FRESH-Lotus-Youth-Preserve-Dream-Face-Cream-50ml_2e9b24bd0b3dd78442b787285bc9755c30cb31e4_1618373734.png,"Combination,Dry,Normal,Oily","Ageing,Dullness,Firmness&Elasticity",Cream,"20s,30s,40s,50+",night_cream
https://www.sephora.sg/products/fenty-skin-instant-reset-overnight-recovery-gel-cream,FENTY SKIN,Instant Reset Overnight Recovery Gel-Cream,69,4.3,287.0,1,FENTY SKIN-Instant Reset Overnight Recovery Gel-Cream,https://image-optimizer-reg.production.sephora-asia.net/images/product_images/closeup_1_Product_840026647717-Fenty-Skin-Instant-Reset-Overnight-Recovery-Gel-Cream_3278f1b0441b633f3686c7a5c5dd838c24e64992_1627412120.png,"Combination,Dry,Normal,Oily,Sensitive","Dryness,Dullness,FineLines&Wrinkles,Firmness&Elasticity,Oiliness,Pigmentation&DarkSpots,UnevenSkinTexture,UnevenSkinTone,VisiblePores","Cream,Gel","20s,30s,40s,50+,Under20",night_cream
https://www.sephora.sg/products/the-inkey-list-vitamin-b-c-and-e-moisturizer/v/50ml,THE INKEY LIST,"Vitamin B, C And E Moisturizer",12,4.2,870.0,1,"THE INKEY LIST-Vitamin B, C And E Moisturizer",https://image-optimizer-reg.production.sephora-asia.net/images/product_images/closeup_1_Product_840026647717-Fenty-Skin-Instant-Reset-Overnight-Recovery-Gel-Cream_3278f1b0441b633f3686c7a5c5dd838c24e64992_1627412120.png,"Combination,Dry,Normal,Oily","Dryness,Dullness,Oiliness,UnevenSkinTexture",Cream,"20s,30s,40s,50+,Under20",night_cream
https://www.sephora.sg/products/lancome-hydra-zen-cream-gel,LANCÔME,Hydra Zen Anti-Stress Moisturising Cream-Gel,109,4.6,1290.0,0,LANCÔME-Hydra Zen Anti-Stress Moisturising Cream-Gel,https://image-optimizer-reg.production.sephora-asia.net/images/product_images/closeup_17181_Lanc____me_WEB_84e9f18b1def64b81f39bb549081fa5ffe9f44ad_1523777322.png,Dry,Dryness,Gel,"20s,30s",night_cream
https://www.sephora.sg/products/the-inkey-list-bakuchiol-moisturizer,THE INKEY LIST,Bakuchiol Moisturizer,21,4.1,458.0,1,THE INKEY LIST-Bakuchiol Moisturizer,https://image-optimizer-reg.production.sephora-asia.net/images/product_images/closeup_1_Product_5060422297940-The-Inkey-List-Bakuchiol-Moisturizer-30ml_42fd5433a8d82b2b12deecbb6d36aa5ac3bb1f69_1618687973.png,"Combination,Dry,Normal,Oily,Sensitive","Dryness,Firmness&Elasticity",Cream,"20s,30s,40s,50+",night_cream
https://www.sephora.sg/products/fresh-lotus-youth-preserve-moisturizer-with-multi-action-super-lotus/v/50ml,FRESH,Lotus Youth Preserve Moisturizer With Multi-Action Super Lotus,95,4.4,1312.0,0,FRESH-Lotus Youth Preserve Moisturizer With Multi-Action Super Lotus,https://image-optimizer-reg.production.sephora-asia.net/images/product_images/closeup_1_Product_809280143533-FRESH-Lotus-Youth-Preserve-Moisturizer-With-Multi-Action-Super-Lotu_0553075814e61bb3a21e954e87e7d769c4617f6a_1618373814.png,"Combination,Dry,Normal,Oily","Ageing,Dryness,Dullness,FineLines&Wrinkles",Cream,"20s,30s,40s,50+",night_cream
https://www.sephora.sg/products/caudalie-vinoperfect-dark-spot-correcting-glycolic-night-cream,CAUDALIE,Vinoperfect Dark Spot Correcting Glycolic Night Cream,77,4.1,14.0,1,CAUDALIE-Vinoperfect Dark Spot Correcting Glycolic Night Cream,https://image-optimizer-reg.production.sephora-asia.net/images/product_images/closeup_1_Product_3522930003236-Caudalie-Vinoperfect-Dark-Spot-Correcting-Glycolic-Night-Cream-50m_bc5de7f9cbdc0ae5b64be07cb91f574b7edcf6d3_1661274007.png,"Combination,Dry,Normal,Oily,Sensitive","Dryness,Dullness,Pigmentation&DarkSpots,UnevenSkinTexture,UnevenSkinTone",Cream,"20s,30s,40s,50+,Under20",night_cream
https://www.sephora.sg/products/egyptian-magic-egyptian-magic-cream/v/118ml,EGYPTIAN MAGIC,Egyptian Magic Cream,66,4.2,310.0,1,EGYPTIAN MAGIC-Egyptian Magic Cream,https://image-optimizer-reg.production.sephora-asia.net/images/product_images/closeup_1379_EgyptianMagic_WEB_d4c9aae6d97649d25bf8a23cddb86069c0cd5275_1528303352.png,"Combination,Dry,Normal,Oily,Sensitive",Dryness,Cream,"20s,30s,40s,50+,Under20",night_cream
https://www.sephora.sg/products/it-cosmetics-confidence-in-your-beauty-sleep-cream/v/60ml,IT COSMETICS,Confidence In Your Beauty Sleep Cream,80,4.5,467.0,0,IT COSMETICS-Confidence In Your Beauty Sleep Cream,https://image-optimizer-reg.production.sephora-asia.net/images/product_images/closeup_1_Product_3605972296009-It-Cosmetics-Confidence-In-Your-Beauty-Sleep-Cream-60ml_de627468700f3083bb9c8249b480ec01f2835734_1591178729.png,"Combination,Dry,Normal,Oily,Sensitive","Ageing,Dryness,Dullness,FineLines&Wrinkles,Firmness&Elasticity,UnevenSkinTexture",Cream,"20s,30s,40s,50+",night_cream
https://www.sephora.sg/products/ole-henriksen-c-rush-brightening-gel-creme/v/50ml,OLE HENRIKSEN,C-Rush Brightening Gel Crème,80,4.4,3129.0,1,OLE HENRIKSEN-C-Rush Brightening Gel Crème,https://image-optimizer-reg.production.sephora-asia.net/images/product_images/closeup_1_Product_840026660891-Ole-Henriksen-C-Rush-Brightening-Gel-Cr_me-50ml_fe1b4d6d2722a68c5ee1e9fefbabaa80d7b4be89_1655091016.png,"Combination,Dry,Normal,Oily","Ageing,Dryness,Dullness,FineLines&Wrinkles,UnevenSkinTexture","Cream,Gel","20s,30s,40s,50+,Under20",night_cream
https://www.sephora.sg/products/the-inkey-list-peptide-moisturizer/v/50ml-5060879822061,THE INKEY LIST,Peptide Moisturizer,27,4.0,711.0,1,THE INKEY LIST-Peptide Moisturizer,https://image-optimizer-reg.production.sephora-asia.net/images/product_images/closeup_1_Product_5060879822061-The-Inkey-List-Peptide-moisturizer-50ml_5ff23e4633ded0f9c8c75f9964befb1d82bae233_1657001198.png,"Combination,Dry,Normal,Oily","Dryness,FineLines&Wrinkles,Firmness&Elasticity",Cream,"20s,30s,40s,50+,Under20",night_cream
https://www.sephora.sg/products/biossance-squalane-plus-probiotic-gel-moisturizer,BIOSSANCE,Squalane + Probiotic Gel Moisturizer,83,4.1,751.0,1,BIOSSANCE-Squalane + Probiotic Gel Moisturizer,https://image-optimizer-reg.production.sephora-asia.net/images/product_images/closeup_1_Product_859049007828-Biossance-Squalane-Probiotic-Gel-Moisturizer_6dd976c8358c2da3fa65542778bb1d9e70188354_1661274153.png,"Combination,Dry,Normal,Oily","Dryness,Dullness",Gel,"20s,30s,40s,50+,Under20",night_cream
https://www.sephora.sg/products/drunk-elephant-protini-polypeptide-cream-mini,DRUNK ELEPHANT,Protini™ Polypeptide Cream Mini,32,4.6,7.0,1,DRUNK ELEPHANT-Protini™ Polypeptide Cream Mini,https://image-optimizer-reg.production.sephora-asia.net/images/product_images/closeup_2_Product_812343032521-Drunk-Elephant-Protini-Polypeptide-Cream-Mini-15ml-Updated_eea0fa22baf0656963c66cb305fb3d0a30d68ee3_1644763729.png,"Combination,Dry,Normal,Oily","Ageing,Dryness,Dullness,FineLines&Wrinkles,UnevenSkinTexture,UnevenSkinTone",Cream,"20s,30s,40s,50+,Under20",night_cream
https://www.sephora.sg/products/laneige-cream-skin-refiner,LANEIGE,Cream Skin Refiner,38,4.5,15.0,0,LANEIGE-Cream Skin Refiner,https://image-optimizer-reg.production.sephora-asia.net/images/product_images/closeup_1_Product_8809643071277-Laneige-Cream-Skin-Refiner-150ml_229d5319821537cf10f89a316a795530fd7a0095_1624386122.png,"Combination,Dry,Normal,Oily,Sensitive","Dryness,Dullness,Firmness&Elasticity",Cream,"20s,30s,40s,50+,Under20",night_cream
https://www.sephora.sg/products/allies-of-skin-retinal-and-peptides-repair-night-cream,ALLIES OF SKIN,Retinal & Peptides Repair Night Cream,189,4.7,16.0,1,ALLIES OF SKIN-Retinal & Peptides Repair Night Cream,https://image-optimizer-reg.production.sephora-asia.net/images/product_images/closeup_1_Product_8885014070605-Allies-Of-Skin-Retinal-Peptides-Repair-Night-Cream-50ml-Update_86b621c7a572a21d2a4d5f988f3e1f49276f78d5_1649309177.png,"Combination,Dry,Normal,Oily","Ageing,Dryness,Dullness,FineLines&Wrinkles,UnevenSkinTexture",Cream,"20s,30s,40s,50+,Under20",night_cream
https://www.sephora.sg/products/fresh-day-and-night-hydration-christmas-limited-edition,FRESH,Day & Night Hydration (Christmas Limited Edition),107,5.0,1.0,0,FRESH-Day & Night Hydration (Christmas Limited Edition),https://image-optimizer-reg.production.sephora-asia.net/images/product_images/closeup_1_Product_809280159015-FRESH-Day--Night-Hydration-Christmas-Limited-Edition-Default_6a7dc2650faea6ec179249388221e278e6f997d8_1663068109.png,"Combination,Dry,Normal,Oily","Ageing,Dryness,Dullness","Cream,Gel","20s,30s,40s,50+,Under20",night_cream
https://www.sephora.sg/products/biossance-squalane-plus-omega-repair-cream,BIOSSANCE,Squalane + Omega Repair Cream,93,4.5,68.0,1,BIOSSANCE-Squalane + Omega Repair Cream,https://image-optimizer-reg.production.sephora-asia.net/images/product_images/closeup_1_Product_859049007897-Biossance-Squalane-Omega-Repair-Cream_494d077f4f6d2a66a8cf9f91fc0c7c57a063b275_1661274160.png,"Combination,Dry,Normal,Oily","Dryness,Dullness,FineLines&Wrinkles,Firmness&Elasticity",Cream,"20s,30s,40s,50+",night_cream
https://www.sephora.sg/products/innisfree-jeju-cherry-blossom-jelly-cream,INNISFREE,Jeju Cherry Blossom Jelly Cream,31,4.6,25.0,0,INNISFREE-Jeju Cherry Blossom Jelly Cream,https://image-optimizer-reg.production.sephora-asia.net/images/product_images/closeup_1_Product_8809707277300-Innisfree-Jeju-Cherry-Blossom-Jelly-Cream-50ml_9bbe12b5bda7ccac1c06e264d2ebcee48a4296e3_1632505030.png,"Combination,Dry,Normal,Oily","Dryness,Dullness","Cream,Gel","20s,30s,40s,50+,Under20",night_cream
https://www.sephora.sg/products/fresh-rose-deep-hydration-essentials-christmas-limited-edition,FRESH,Rose Deep Hydration Essentials (Christmas Limited Edition),128,4.5,2.0,0,FRESH-Rose Deep Hydration Essentials (Christmas Limited Edition),https://image-optimizer-reg.production.sephora-asia.net/images/product_images/closeup_1_Product_809280159039-FRESH-Rose-Deep-Hydration-Essentials-Christmas-Limited-Edition-Defa_acf3055787aa4030a5df1f927fa4ee07aa2a9f96_1663068110.png,"Combination,Dry,Normal,Oily","Dryness,Dullness,UnevenSkinTexture,VisiblePores","Cream,Liquid","20s,30s,40s,50+,Under20",night_cream
https://www.sephora.sg/products/shiseido-energizing-moisturizer-extra-light-fluid,SHISEIDO,Energizing Moisturizer Extra Light Fluid,52,4.4,0.0,0,SHISEIDO-Energizing Moisturizer Extra Light Fluid,https://image-optimizer-reg.production.sephora-asia.net/images/product_images/closeup_1_Product_729238171541-Shiseido-Energizing-Moisturizer-Extra-Light-Fluid-100ml_28dbbf40c447e79e2c3ae43db4d1da7b1759c057_1616665720.png,"Combination,Dry,Normal,Oily","Dryness,Dullness,FineLines&Wrinkles",Cream,"20s,30s,40s,50+,Under20",night_cream
https://www.sephora.sg/products/drunk-elephant-a-passioni-retinol-skincare-cream/v/30ml,DRUNK ELEPHANT,A-Passioni™ Retinol Skincare Cream,108,4.1,387.0,1,DRUNK ELEPHANT-A-Passioni™ Retinol Skincare Cream,https://image-optimizer-reg.production.sephora-asia.net/images/product_images/closeup_1_Product_812343032392-Drunk_20Elephant-A-Passioni_20Retinol_20Cream-30ml-update_68c4ead1437d580b3ea0946750a53270e4ebc002_1653284881.png,"Combination,Dry,Normal,Oily","Ageing,Dryness,FineLines&Wrinkles,Firmness&Elasticity,UnevenSkinTexture,UnevenSkinTone",Cream,"20s,30s,40s,50+,Under20",night_cream
https://www.sephora.sg/products/it-cosmetics-confidence-in-a-cream-transforming-moisturizing-super-cream/v/60ml,IT COSMETICS,Confidence in a Cream™ Transforming Moisturizing Super Cream,74,4.5,3609.0,0,IT COSMETICS-Confidence in a Cream™ Transforming Moisturizing Super Cream,https://image-optimizer-reg.production.sephora-asia.net/images/product_images/closeup_1_Product_3605972780072-IT-COSMETICS-Confidence-in-a-Cream-Transforming-Moisturizing-Super_77d31876a6a53a13b9280178a9af3904ddde727b_1661498084.png,"Combination,Dry,Normal,Oily,Sensitive","Ageing,Dryness,FineLines&Wrinkles,Firmness&Elasticity,UnevenSkinTexture",Cream,"20s,30s,40s,50+,Under20",night_cream
https://www.sephora.sg/products/first-aid-beauty-ultra-repair-firming-collagen-cream,FIRST AID BEAUTY,Ultra Repair Firming Collagen Cream,63,4.5,553.0,0,FIRST AID BEAUTY-Ultra Repair Firming Collagen Cream,https://image-optimizer-reg.production.sephora-asia.net/images/product_images/closeup_1_Product_815517025237-First-Aid-Beauty-Ultra-Repair-Firming-Collagen-Cream-50ml_5c08984a7f5debd055969c11f80e30c9e55f459f_1618234934.png,"Combination,Dry,Normal,Oily,Sensitive","Ageing,Dryness,FineLines&Wrinkles,Firmness&Elasticity,UnevenSkinTexture",Cream,"20s,30s,40s,50+,Under20",night_cream
https://www.sephora.sg/products/drunk-elephant-protini-polypeptide-cream/v/50ml,DRUNK ELEPHANT,Protini™ Polypeptide Cream,98,4.0,6288.0,1,DRUNK ELEPHANT-Protini™ Polypeptide Cream,https://image-optimizer-reg.production.sephora-asia.net/images/product_images/closeup_1_Product_856556004739-Drunk-Elephant-_Protini-Polypeptide-Cream-50ml-update_02a6d2d63c1af3f831baf24384da374c4b46504d_1653285780.png,"Combination,Dry,Normal,Oily,Sensitive","Ageing,Dryness,FineLines&Wrinkles,UnevenSkinTexture,UnevenSkinTone",Cream,"20s,30s,40s,50+,Under20",night_cream
https://www.sephora.sg/products/kora-organics-by-miranda-kerr-turmeric-glow-moisturizer,KORA ORGANICS BY MIRANDA KERR,Turmeric Glow Moisturizer,88,4.5,986.0,0,KORA ORGANICS BY MIRANDA KERR-Turmeric Glow Moisturizer,https://image-optimizer-reg.production.sephora-asia.net/images/product_images/closeup_1_Product_9342759005730-Kora-Organics-TURMERIC-GLOW-MOISTURIZER-50ML-JAR_cc3beadc0d3f094d8206314d4fc75c437f56d4f5_1634738713.png,"Combination,Dry,Normal,Oily,Sensitive","Ageing,Dullness,FineLines&Wrinkles,Pigmentation&DarkSpots,UnevenSkinTexture",Cream,"20s,30s,40s,50+",night_cream
https://www.sephora.sg/products/sunday-riley-ceo-vitamin-c-rich-hydration-cream,SUNDAY RILEY,C.E.O. Vitamin C Rich Hydration Cream,104,4.4,31.0,1,SUNDAY RILEY-C.E.O. Vitamin C Rich Hydration Cream,https://image-optimizer-reg.production.sephora-asia.net/images/product_images/closeup_1_Product_817494012996-Sunday-Riley-CEO-Vitamin-C-Rich-Hydration-Cream-50g_ce936f34dfa936ad1da5538d5a6e7e0ed9e7b564_1581582852.png,"Combination,Dry,Normal,Oily","Ageing,Dryness,Dullness,Pigmentation&DarkSpots,UnevenSkinTexture",Cream,"20s,30s,40s,50+,Under20",night_cream
https://www.sephora.sg/products/drunk-elephant-lala-retro-whipped-cream,DRUNK ELEPHANT,Lala Retro™ Whipped Cream,86,4.2,1992.0,1,DRUNK ELEPHANT-Lala Retro™ Whipped Cream,https://image-optimizer-reg.production.sephora-asia.net/images/product_images/closeup_1_Product_812343030350-Drunk-Elephant-_Lala-Retro-Whipped-Cream_-50ml-update_1869ed4cfddfd713dd8eb0c1d544c3e711c15e37_1653285611.png,"Combination,Dry,Normal,Oily,Sensitive","Dryness,Dullness,FineLines&Wrinkles",Cream,"20s,30s,40s,50+,Under20",night_cream
https://www.sephora.sg/products/sephora-collection-matte-moisturizer,SEPHORA COLLECTION,Matte Moisturizer,25,4.6,7.0,1,SEPHORA COLLECTION-Matte Moisturizer,https://image-optimizer-reg.production.sephora-asia.net/images/product_images/closeup_1_Product_3378872178286-Sephora-Collection-Matte-Moisturizer-50ml_78dbbbe59ac6b6ebe6837b48bf7b4d59cc417185_1661284185.png,"Combination,Normal,Oily","Dryness,Oiliness",Cream,"20s,30s,40s,50+,Under20",night_cream
https://www.sephora.sg/products/sephora-collection-all-day-hydrator/v/50ml,SEPHORA COLLECTION,All Day Hydrator,25,4.6,343.0,1,SEPHORA COLLECTION-All Day Hydrator,https://image-optimizer-reg.production.sephora-asia.net/images/product_images/closeup_1_Product_3378872189060-Sephora-Collection-All-Day-Hydrator-50ml_5758c7a1cddb0aa8912ad56e161a461f595881db_1659282266.png,"Combination,Dry,Normal,Oily","Ageing,Dryness,Dullness",Cream,"20s,30s,40s,50+,Under20",night_cream
https://www.sephora.sg/products/kenzoki-hydration-flow-moisturizing-skin-guardian-normal-to-dry-skin,KENZOKI,Hydration Flow Moisturizing Skin Guardian - Normal To Dry Skin,70,4.4,0.0,1,KENZOKI-Hydration Flow Moisturizing Skin Guardian - Normal To Dry Skin,https://image-optimizer-reg.production.sephora-asia.net/images/product_images/closeup_1_Product_3274872420922-Kenzoki-Hydration-Flow-Moisturizing-Skin-Guardian-Normal-To-Dry-Sk_877b57566ecf682f835ee1f4a1ae97c715553243_1632163674.png,"Combination,Dry,Normal,Oily","Dryness,Dullness",Cream,"20s,30s,40s,50+,Under20",night_cream
https://www.sephora.sg/products/it-cosmetics-confidence-in-a-gel-lotion,IT COSMETICS,Confidence In A Gel Lotion,42,4.6,515.0,0,IT COSMETICS-Confidence In A Gel Lotion,https://image-optimizer-reg.production.sephora-asia.net/images/product_images/closeup_1_Product_3605972078094-IT-Cosmetics-Confidence-In-A-Gel-Lotion-75ml_9178d1ed0b2e8d5b1328420f784189cf02d4053c_1566528108.png,"Combination,Dry,Normal,Oily,Sensitive","Ageing,Dryness,Dullness,FineLines&Wrinkles,UnevenSkinTexture","Gel,Lotion","20s,30s,40s,50+,Under20",night_cream
https://www.sephora.sg/products/shiseido-essential-energy-hydrating-cream/v/30ml,SHISEIDO,Essential Energy Hydrating Cream,51,4.6,440.0,0,SHISEIDO-Essential Energy Hydrating Cream,https://image-optimizer-reg.production.sephora-asia.net/images/product_images/closeup_1_Product_729238190429-Shiseido-Essential-Energy-Hydrating-Cream-30ml_585ea622ed924efe68515ad5f488464089c141eb_1644212168.png,"Combination,Dry,Normal,Oily","Dryness,Dullness,UnevenSkinTexture",Cream,"20s,30s,40s,50+,Under20",night_cream
https://www.sephora.sg/products/clinique-anti-blemish-all-over-clearing-treatment,CLINIQUE,Anti-Blemish All Over Clearing Treatment,49,3.9,20.0,0,CLINIQUE-Anti-Blemish All Over Clearing Treatment,https://image-optimizer-reg.production.sephora-asia.net/images/product_images/closeup_1_Product_20714291839-Clinique-Anti-Blemish-All-Over-Clearing-Moisturizer-50ml_da9b92b53f74ede5cfb85ebcc8c37c9b9bb80d85_1577350003.png,Oily,"Blemishes,Dryness",Cream,"20s,30s,40s,50+,Under20",night_cream
https://www.sephora.sg/products/dr-jart-vital-hydra-solution-biome-water-cream/v/50ml,DR.JART+,Vital Hydra Solution Biome Water Cream,56,4.1,38.0,1,DR.JART+-Vital Hydra Solution Biome Water Cream,https://image-optimizer-reg.production.sephora-asia.net/images/product_images/closeup_1_Product_8809642712430-Dr-Jart-Vital-Hydra-Solution-Biome-Water-Cream-50ml_c8d1ac380af68c57b54cd3513562dcfe26219cd8_1583138825.png,"Combination,Dry,Normal,Oily,Sensitive",Dryness,"Cream,Gel","20s,30s,40s,50+,Under20",night_cream
https://www.sephora.sg/products/tarte-maracuja-oil/v/1-7oz,TARTE,Maracuja Oil,79,4.4,2994.0,1,TARTE-Maracuja Oil,https://image-optimizer-reg.production.sephora-asia.net/images/product_images/closeup_1_Product_846733003839-tarte-Maracuja-Oil-1-7oz_2b13cc5f8fa98355c6b3f40d0e744ba58cbc57b7_1618646476.png,"Combination,Dry,Normal,Oily,Sensitive","Ageing,Dryness,Dullness,Firmness&Elasticity,Oiliness,UnevenSkinTexture",Oil,"20s,30s,40s,50+,Under20",night_cream
https://www.sephora.sg/products/farmacy-honey-halo-ultra-hydrating-ceramide-moisturizer/v/100ml,FARMACY,Honey Halo Ultra-Hydrating Ceramide Moisturizer,129,4.5,1210.0,1,FARMACY-Honey Halo Ultra-Hydrating Ceramide Moisturizer,https://image-optimizer-reg.production.sephora-asia.net/images/product_images/closeup_1_Product_818832021298-Farmacy-Honey-Halo-Ultra-Hydrating-Ceramide-Moisturizer-100ml_6de639dd45cb251082311d9ee9c8e8d6a8141487_1661330065.png,"Dry,Normal","Dryness,Dullness,FineLines&Wrinkles,Firmness&Elasticity,UnevenSkinTexture",Cream,"20s,30s,40s,50+,Under20",night_cream
https://www.sephora.sg/products/sephora-collection-ultra-glow-mask-with-vitamins-c-and-e,SEPHORA COLLECTION,Ultra Glow Mask With Vitamins C & E,26,4.5,2.0,1,SEPHORA COLLECTION-Ultra Glow Mask With Vitamins C & E,https://image-optimizer-reg.production.sephora-asia.net/images/product_images/closeup_1_Product_3378872183891-Sephora-Collection-Ultra-Glow-Mask-With-Vitamins-C-E-50ml_a85a19b1a80cca159536af2062a3f1f1f3e4c6cd_1660403910.png,"Combination,Dry,Normal,Oily","Dryness,Dullness,Pigmentation&DarkSpots,UnevenSkinTexture",Gel,"20s,30s,40s,50+,Under20",night_cream
https://www.sephora.sg/products/origins-plantscription-retinol-night-moisturizer-with-alpine-flower,ORIGINS,Plantscription Retinol Night Moisturizer with Alpine Flower,120,4.6,46.0,0,ORIGINS-Plantscription Retinol Night Moisturizer with Alpine Flower,https://image-optimizer-reg.production.sephora-asia.net/images/product_images/closeup_1_Product_717334238688-Origins-Plantscription_Retinol_Night_Moisturizer_with_Alpine_Flower_7ee658cabcd275a0dc49f3e10b92122b3e01fcd9_1620186068.png,"Combination,Dry,Normal,Oily,Sensitive","Dryness,Dullness,FineLines&Wrinkles,UnevenSkinTexture,UnevenSkinTone,VisiblePores",Cream,"20s,30s,40s,50+,Under20",night_cream
https://www.sephora.sg/products/origins-high-potency-night-a-mins-oil-free-resurfacing-cream-with-fruit-derived-ahas,ORIGINS,High-Potency Night-A-Mins™ Oil-Free Resurfacing Cream with Fruit-Derived AHAs,87,4.3,446.0,0,ORIGINS-High-Potency Night-A-Mins™ Oil-Free Resurfacing Cream with Fruit-Derived AHAs,https://image-optimizer-reg.production.sephora-asia.net/images/product_images/closeup_1_Product_717334237339-Origins-High-Potency-Night-A-Mins-Oil-Free-Resurfacing-Cream-with-F_7f81034b51307ac82898de4f541fc4b4f9fa744d_1622597562.png,"Combination,Dry,Normal,Oily","Dryness,Dullness",Cream,"20s,30s,40s,50+,Under20",night_cream
https://www.sephora.sg/products/shiseido-vital-perfection-sculpting-lift-cream,SHISEIDO,Vital-perfection Sculpting Lift Cream,310,4.4,0.0,0,SHISEIDO-Vital-perfection Sculpting Lift Cream,https://image-optimizer-reg.production.sephora-asia.net/images/product_images/closeup_29117_Shiseido_VitalperfectionSculptingLiftCream_WEB_af3eb1d9394c9e22ad360a959d2fd0d08e0b1be8_1523778319.png,"Combination,Dry,Normal,Oily","FineLines&Wrinkles,Firmness&Elasticity,Pigmentation&DarkSpots",Cream,"20s,30s,40s,50+,Under20",night_cream
https://www.sephora.sg/products/givenchy-skin-ressource-protective-moisturising-rich-cream-refill,GIVENCHY,Skin Ressource Protective Moisturising Rich Cream Refill,85,4.4,0.0,0,GIVENCHY-Skin Ressource Protective Moisturising Rich Cream Refill,https://image-optimizer-reg.production.sephora-asia.net/images/product_images/closeup_1_Product_3274872437357-GIVENCHY-Skin-Ressource-Protective-Moisturising-Rich-Cream-Refill-_2f0c48b1cb56d7547beae236cb3f8a83ec200d0c_1653681055.png,"Combination,Dry,Normal","Dryness,Dullness,UnevenSkinTexture",Cream,"20s,30s,40s,50+,Under20",night_cream
https://www.sephora.sg/products/glamglow-superwatergel-triple-acid-oil-free-moisturizer,GLAMGLOW,Superwatergel Triple-Acid Oil-Free Moisturizer,85,4.6,240.0,1,GLAMGLOW-Superwatergel Triple-Acid Oil-Free Moisturizer,https://image-optimizer-reg.production.sephora-asia.net/images/product_images/closeup_1_Product_889809010065-Glamglow-Superwatergel-Triple-Acid-Oil-Free-Moisturizer-50g_61332ec2917eed8dcb5fa2e9ff2b2f2e988aa45b_1611563164.png,"Combination,Dry,Normal,Oily","Blemishes,Dryness,Dullness,VisiblePores","Gel,Liquid","20s,30s,40s,50+,Under20",night_cream
https://www.sephora.sg/products/dior-capture-totale-dreamskin-care-and-perfect-emulsion,DIOR,Capture Totale DreamSkin Care & Perfect Emulsion,158,4.4,25.0,0,DIOR-Capture Totale DreamSkin Care & Perfect Emulsion,https://image-optimizer-reg.production.sephora-asia.net/images/product_images/closeup_1_Product_3348901470834-Dior-Capture_20Totale_20DreamSkin_20Care_20Perfect_20Emulsion-30ml_458cad0b3395a0e2a25582920b52eb0f8cb6457c_1566528112.png,"Combination,Dry,Normal,Oily,Sensitive","Dryness,Dullness,Pigmentation&DarkSpots,UnevenSkinTexture,VisiblePores",Liquid,"20s,30s,40s,50+",night_cream
https://www.sephora.sg/products/la-mer-the-moisturizing-soft-cream-moisturizer/v/60ml,LA MER,The Moisturizing Soft Cream Moisturizer,605,4.4,858.0,0,LA MER-The Moisturizing Soft Cream Moisturizer,https://image-optimizer-reg.production.sephora-asia.net/images/product_images/closeup_1_Product_747930033370-La-Mer-The-Moisturizing-Soft-Cream-60ml_080e63f6b48c27fd298c4b2fc24154bcd2229c21_1595587047.png,"Combination,Dry","Dryness,Dullness",Cream,"20s,30s,40s,50+,Under20",night_cream
https://www.sephora.sg/products/ole-henriksen-dewtopia-5-percent-acid-firming-night-creme,OLE HENRIKSEN,Dewtopia 5% Acid Firming Night Crème,86,4.4,0.0,0,OLE HENRIKSEN-Dewtopia 5% Acid Firming Night Crème,https://image-optimizer-reg.production.sephora-asia.net/images/product_images/closeup_1_Product_840026662345-Ole-Henriksen-Dewtopia-5-Acid-Firming-Night-Creme-50ml_320d022f4017c6f4388a9a4a11e7ca1edd6186c5_1664643507.png,"Combination,Dry,Normal,Oily,Sensitive","Dryness,Dullness,FineLines&Wrinkles,Firmness&Elasticity,Pigmentation&DarkSpots,UnevenSkinTexture,UnevenSkinTone",Cream,"20s,30s,40s,50+,Under20",night_cream
https://www.sephora.sg/products/indie-lee-brightening-cream,INDIE LEE,Brightening Cream,61,4.4,0.0,0,INDIE LEE-Brightening Cream,https://image-optimizer-reg.production.sephora-asia.net/images/product_images/closeup_1_Product_811239031068-Indie-Lee-Brightening-Cream-50ml_2bbeeeab116a31ce4ebef910f69f56049b365629_1646291341.png,"Combination,Dry,Normal,Oily,Sensitive","Dryness,Dullness,UnevenSkinTexture,UnevenSkinTone",Cream,"20s,30s,40s,50+,Under20",night_cream
https://www.sephora.sg/products/shiseido-essential-energy-hydrating-cream-refill,SHISEIDO,Essential Energy Hydrating Cream Refill,75,4.4,0.0,0,SHISEIDO-Essential Energy Hydrating Cream Refill,https://image-optimizer-reg.production.sephora-asia.net/images/product_images/closeup_1_Product_729238182868-Shiseido-Essential-Energy-Hydrating-Cream-Refill-50ml_3b0035674e9e84f8b6b1ad622bfc5a21c55fcd07_1644212164.png,"Combination,Dry,Normal,Oily","Dryness,Dullness,UnevenSkinTexture",Cream,"20s,30s,40s,50+,Under20",night_cream
https://www.sephora.sg/products/kopari-coconut-face-cream,KOPARI,Coconut Face Cream,66,4.3,116.0,1,KOPARI-Coconut Face Cream,https://image-optimizer-reg.production.sephora-asia.net/images/product_images/closeup_1_Product_851989006091-Kopari-Coconut-Face-Cream-Default_92909f5a5d09ff1a25e7158ea9ee9d91568282c8_1618373969.png,"Combination,Dry,Normal,Oily,Sensitive","Dryness,Dullness","Cream,Lotion","20s,30s,40s,50+",night_cream
https://www.sephora.sg/products/it-cosmetics-beautiful-together-day-to-night-skincare-duo-christmas-limited-edition,IT COSMETICS,Beautiful Together Day-To-Night Skincare Duo (Christmas Limited Edition),117,4.4,0.0,1,IT COSMETICS-Beautiful Together Day-To-Night Skincare Duo (Christmas Limited Edition),https://image-optimizer-reg.production.sephora-asia.net/images/product_images/closeup_1_Product_3605972764843-IT-Cosmetics-Beautiful-Together-Day-To-Night-Skincare-Duo-Christma_450648b941a0126586a70b0ae8b543abc54d9545_1665675949.png,"Combination,Dry,Normal,Oily","Ageing,Dryness,Dullness,FineLines&Wrinkles,Firmness&Elasticity,UnevenSkinTexture",Cream,"20s,30s,40s,50+,Under20",night_cream
https://www.sephora.sg/products/sephora-collection-firming-night-cream,SEPHORA COLLECTION,Firming Night Cream,38,4.0,1.0,1,SEPHORA COLLECTION-Firming Night Cream,https://image-optimizer-reg.production.sephora-asia.net/images/product_images/closeup_1_Product_3378872178262-Sephora-Collection-Firming-Night-Cream-50ml_83ef6114d805a1e7eb69c90b788f19cb6ad93580_1661273989.png,"Combination,Dry,Normal,Oily,Sensitive","Ageing,Dryness,Dullness,FineLines&Wrinkles,Firmness&Elasticity",Cream,"20s,30s,40s,50+,Under20",night_cream
https://www.sephora.sg/products/dr-dennis-gross-b3adaptive-superfoods-barrier-repair-face-cream,DR. DENNIS GROSS,B3Adaptive Superfoods Barrier Repair Face Cream,116,3.5,2.0,1,DR. DENNIS GROSS-B3Adaptive Superfoods Barrier Repair Face Cream,https://image-optimizer-reg.production.sephora-asia.net/images/product_images/closeup_1_Product_695866562887-Dr--Dennis-Gross-B3Adaptive-Superfoods-Barrier-Repair-Face-Cream-60_58307c021562100536cb35a86b56d844a3e2efb7_1614157565.png,"Combination,Dry,Normal,Oily","Ageing,Dryness,Dullness,Firmness&Elasticity,UnevenSkinTexture",Cream,"20s,30s,40s,50+,Under20",night_cream
https://www.sephora.sg/products/tarte-sea-drink-of-h2o-hydrating-boost-moisturizer/v/50ml,TARTE,Sea Drink Of H₂O Hydrating Boost Moisturizer,65,4.2,2063.0,1,TARTE-Sea Drink Of H₂O Hydrating Boost Moisturizer,https://image-optimizer-reg.production.sephora-asia.net/images/product_images/closeup_1_Product_846733013807-tarte-Sea-Drink-Of-HO-Hydrating-Boost-Moisturizer-50ml_036c44476378485a8806acce17aaa68501d6967e_1618647267.png,"Combination,Dry,Normal,Oily,Sensitive",Dryness,"Cream,Gel","20s,30s,40s,50+,Under20",night_cream
https://www.sephora.sg/products/talika-skintelligence-hydra-intense-hydrating-light-cream,TALIKA,Skintelligence Hydra - Intense Hydrating Light Cream,60,4.4,0.0,1,TALIKA-Skintelligence Hydra - Intense Hydrating Light Cream,https://image-optimizer-reg.production.sephora-asia.net/images/product_images/closeup_1_Product_3139434552438-Talika-Skintelligence-Hydra-Intense-Hydrating-Light-Cream-50ml_bb7b11e4baaf8f37137165169a36de5120a8d9c1_1630235190.png,"Combination,Dry,Normal,Oily","Dryness,Dullness,UnevenSkinTexture",Cream,"20s,30s,40s,50+,Under20",night_cream
https://www.sephora.sg/products/shiseido-future-solution-lx-total-regenerating-cream,SHISEIDO,Future Solution LX Total Regenerating Cream,410,3.7,11.0,0,SHISEIDO-Future Solution LX Total Regenerating Cream,https://image-optimizer-reg.production.sephora-asia.net/images/product_images/closeup_1_Product_729238139213-Shiseido-Future-Solution-LX-Total-Regenerating-Cream-E-50ml_e83ac72e6b4822fd5e677e5c142430a92ff5d43b_1595902413.png,"Combination,Dry,Normal,Oily","Ageing,Dullness,Firmness&Elasticity",Cream,"20s,30s,40s,50+,Under20",night_cream
https://www.sephora.sg/products/lab-series-anti-age-max-ls-cream,LAB SERIES,Anti-Age Max LS Cream,152,4.4,0.0,0,LAB SERIES-Anti-Age Max LS Cream,https://image-optimizer-reg.production.sephora-asia.net/images/product_images/closeup_1_Product_22548426180-Lab-Series-Anti-Age-Max-LS-Cream-50ml_ffa114011c426a06501216851b4ed4bc096122bf_1631697433.png,"Combination,Dry,Normal,Oily","Ageing,Dryness,Dullness,FineLines&Wrinkles,Firmness&Elasticity",Cream,"20s,30s,40s,50+,Under20",night_cream
https://www.sephora.sg/products/dr-dot-jart-plus-cicapair-calming-gel-cream/v/80ml,DR.JART+,Cicapair Calming Gel Cream,51,4.6,136.0,1,DR.JART+-Cicapair Calming Gel Cream,https://image-optimizer-reg.production.sephora-asia.net/images/product_images/closeup_1_Product_8809535807953-Dr-Jart-Cicapair-Gel-Cream-80ml_c1e7bffd75d050771051109413eecde1676a2cf0_1562913003.png,"Combination,Dry,Normal,Oily,Sensitive","Dryness,Dullness,UnevenSkinTexture","Cream,Gel","20s,30s,40s,50+,Under20",night_cream
https://www.sephora.sg/products/estee-lauder-revitalizing-supreme-plus-night-intensive-restorative-creme,ESTÉE LAUDER,Revitalizing Supreme+ Night Intensive Restorative Crème,185,3.3,4.0,0,ESTÉE LAUDER-Revitalizing Supreme+ Night Intensive Restorative Crème,https://image-optimizer-reg.production.sephora-asia.net/images/product_images/closeup_1_Product_887167539594-Estee-Lauder-Revitalizing-Supreme-Night-Intensive-Restorative-Creme_998f4222ce8b6cd1b4aad2f4846aecfe5825bce1_1642740849.png,"Combination,Dry,Normal,Oily","Ageing,Dryness,Dullness,FineLines&Wrinkles,Firmness&Elasticity",Cream,"20s,30s,40s,50+,Under20",night_cream
https://www.sephora.sg/products/la-mer-the-moisturising-cool-gel-cream-moisturizer/v/15ml,LA MER,The Moisturising Cool Gel Cream Moisturizer,170,3.8,159.0,0,LA MER-The Moisturising Cool Gel Cream Moisturizer,https://image-optimizer-reg.production.sephora-asia.net/images/product_images/closeup_1_Product_747930102519-La-Mer-The-Moisturizing-Cool-Gel-Cream-15ml_b26e35ee79f3a1b645f51a63d3aae71aefd66f1e_1595587101.png,"Combination,Oily","Dryness,Dullness",Gel,"20s,30s,40s,50+,Under20",night_cream
https://www.sephora.sg/products/cle-de-peau-intensive-fortifying-cream-refill,CLE DE PEAU,Intensive Fortifying Cream Refill,190,4.4,0.0,0,CLE DE PEAU-Intensive Fortifying Cream Refill,https://image-optimizer-reg.production.sephora-asia.net/images/product_images/closeup_1_Product_729238192324-Cle-De-Peau-Intensive-Fortifying-Cream-Refill-50ml_2aaa6e0c4799ee43b8173f5d9075b08c86ffbda5_1659333746.png,"Combination,Dry,Normal,Oily","Dryness,Dullness,FineLines&Wrinkles,Firmness&Elasticity",Cream,"20s,30s,40s,50+,Under20",night_cream
https://www.sephora.sg/products/dermalogica-barrier-repair-moisturizer,DERMALOGICA,Barrier Repair Moisturizer,92,4.6,8.0,0,DERMALOGICA-Barrier Repair Moisturizer,https://image-optimizer-reg.production.sephora-asia.net/images/product_images/closeup_1_Product_666151030435-Dermalogica-Barrier-Repair-30ml_475b049ad73d69a6541e32694c58a78d0caf5ccd_1601306682.png,"Combination,Dry,Normal,Oily",Blemishes,Cream,"20s,30s,40s,50+,Under20",night_cream
https://www.sephora.sg/products/laneige-radian-c-cream/v/50ml,LANEIGE,Radian-C Cream,70,4.3,15.0,0,LANEIGE-Radian-C Cream,https://image-optimizer-reg.production.sephora-asia.net/images/product_images/closeup_1_Product_8809643053464-Laneige-Radian-C-Cream-50ml_78acbaecc42001fe63a8ab38caee44a9cc3be6ea_1583396470.png,"Combination,Dry,Normal,Oily,Sensitive","Ageing,Dryness,Dullness,Pigmentation&DarkSpots,UnevenSkinTexture,UnevenSkinTone",Cream,"20s,30s,40s,50+",night_cream
https://www.sephora.sg/products/shiseido-vital-perfection-uplifting-and-firming-cream-enriched,SHISEIDO,Vital Perfection Uplifting & Firming Cream Enriched,165,5.0,2.0,0,SHISEIDO-Vital Perfection Uplifting & Firming Cream Enriched,https://image-optimizer-reg.production.sephora-asia.net/images/product_images/closeup_1_Product_729238149403-Shiseido-Vital-Perfection-Uplifting-And-Firming-Cream-Enriched-50ml_ed9f3518edc88249ff2c8798f9202db97d027430_1578472372.png,"Combination,Dry,Normal,Oily","Ageing,Dryness,FineLines&Wrinkles,Firmness&Elasticity,Pigmentation&DarkSpots",Cream,"20s,30s,40s,50+",night_cream
https://www.sephora.sg/products/clinique-dramatically-different-moisturizing-lotion-plus,CLINIQUE,Dramatically Different Moisturizing Lotion+,62,4.4,143.0,0,CLINIQUE-Dramatically Different Moisturizing Lotion+,https://image-optimizer-reg.production.sephora-asia.net/images/product_images/closeup_Dramatically_Different_Moisturizing_Lotion_125ml_19290e4cdce1f4e4af5b70eab6f591bec160f9a7_1537345920.png,"Combination,Normal,Sensitive",Dryness,Lotion,"20s,30s,40s,50+,Under20",night_cream
https://www.sephora.sg/products/first-aid-beauty-ultra-repair-hydra-firm-night-cream,FIRST AID BEAUTY,Ultra Repair Hydra-Firm Night Cream,61,4.3,12.0,0,FIRST AID BEAUTY-Ultra Repair Hydra-Firm Night Cream,https://image-optimizer-reg.production.sephora-asia.net/images/product_images/closeup_1_Product_815517026807-First-Aid-Beauty-Ultra-Repair-Hydra-Firm-Night-Cream-50ml_6b5f8fb897e168d1a773a11060f346c2bd7880aa_1618234946.png,"Combination,Dry,Normal,Oily,Sensitive","Ageing,Dryness,FineLines&Wrinkles,Firmness&Elasticity,UnevenSkinTexture",Cream,"20s,30s,40s,50+",night_cream
https://www.sephora.sg/products/philosophy-purity-ultra-light-moisturizer,PHILOSOPHY,Purity Made Simple Ultra-Light Moisturizer,43,4.3,55.0,0,PHILOSOPHY-Purity Made Simple Ultra-Light Moisturizer,https://image-optimizer-reg.production.sephora-asia.net/images/product_images/closeup_1_ProductUpdated_3614224577889-PHILO-Purity-Made-Simple-Ultra-Light-Moisturizer-_b9f2f355c84a580046f107261781d79b1b829d38_1622091829.png,"Combination,Dry,Normal,Oily,Sensitive","Ageing,Dryness,VisiblePores",Cream,"20s,30s,40s,50+",night_cream
https://www.sephora.sg/products/shiseido-benefiance-wrinkle-smoothing-cream-enriched,SHISEIDO,Benefiance Wrinkle Smoothing Cream Enriched,115,5.0,1.0,0,SHISEIDO-Benefiance Wrinkle Smoothing Cream Enriched,https://image-optimizer-reg.production.sephora-asia.net/images/product_images/closeup_1_Product_208573-Shiseido-Benefiance-Wrinkle-Smoothing-Cream-Enriched-Default_bd81b8e58f0cb0a208cb435e2142cc4492f1b978_1552881822.png,"Combination,Dry,Normal,Oily","Ageing,FineLines&Wrinkles,Firmness&Elasticity",Cream,"20s,30s,40s,50+",night_cream
https://www.sephora.sg/products/sephora-collection-overnight-firming-cream,SEPHORA COLLECTION,Overnight Firming Cream,38,4.3,48.0,1,SEPHORA COLLECTION-Overnight Firming Cream,https://image-optimizer-reg.production.sephora-asia.net/images/product_images/closeup_1_Product_3378872156901-Sephora_Collection-Overnight_Firming_Cream-50ml_f74d708636008e7d42c1f5342a7137b40af38b3b_1661273969.png,"Combination,Dry,Normal,Oily,Sensitive","Dryness,Dullness,FineLines&Wrinkles,Firmness&Elasticity,UnevenSkinTexture",Cream,"20s,30s,40s,50+,Under20",night_cream
https://www.sephora.sg/products/fresh-rose-hydrating-water-gel-cream-moisturizer,FRESH,Rose Hydrating Water Gel Cream Moisturizer,76,4.2,10.0,0,FRESH-Rose Hydrating Water Gel Cream Moisturizer,https://image-optimizer-reg.production.sephora-asia.net/images/product_images/closeup_1_Product_809280149061-FRESH-Rose-Hydrating-Water-Gel-Cream-Moisturizer-50ml_7cf304a78c6f147fcf38980acb02ffe7d77092cb_1661847518.png,"Combination,Dry,Normal,Oily",Dryness,"Cream,Gel","20s,30s,40s,50+,Under20",night_cream
https://www.sephora.sg/products/kenzoki-youth-flow-skin-renew-velvet-cream,KENZOKI,Youth Flow Skin Renew Velvet Cream,168,5.0,1.0,1,KENZOKI-Youth Flow Skin Renew Velvet Cream,https://image-optimizer-reg.production.sephora-asia.net/images/product_images/closeup_1_Product_3274872424739-Kenzoki-Youth-Flow-Skin-Renew-Velvet-Cream-50ml_a16b7042806e69ae7fd02e8872ca70003ac512f5_1632163654.png,"Combination,Dry,Normal,Oily","Ageing,Dryness,Dullness,FineLines&Wrinkles,Firmness&Elasticity",Cream,"20s,30s,40s,50+,Under20",night_cream
https://www.sephora.sg/products/fresh-vitamin-nectar-moisture-glow-face-cream,FRESH,Vitamin Nectar Moisture Glow Face Cream,78,4.3,650.0,0,FRESH-Vitamin Nectar Moisture Glow Face Cream,https://image-optimizer-reg.production.sephora-asia.net/images/product_images/closeup_1_Product_809280132193-FRESH-Vitamin-Nectar-Moisture-Glow-Face-Cream-50ml_52448cd5685c4f64cfa6c901aeef470ffe38a982_1618373672.png,"Combination,Dry,Normal,Oily",Dullness,Cream,"20s,30s,40s",night_cream
https://www.sephora.sg/products/drgl-moisturiser-all-skin-types,DRGL,Moisturiser All Skin Types,198,4.0,2.0,0,DRGL-Moisturiser All Skin Types,https://image-optimizer-reg.production.sephora-asia.net/images/product_images/closeup_drglmoisturiser180625_a06663724da418e5535b52a20a903e0b9e9da27a_1552898490.png,"Combination,Dry,Normal,Oily,Sensitive","Ageing,Dryness,Dullness,FineLines&Wrinkles,Firmness&Elasticity,Pigmentation&DarkSpots",Liquid,"30s,40s,50+",night_cream
https://www.sephora.sg/products/shiseido-future-solution-lx-legendary-enmei-ultimate-renewing-cream,SHISEIDO,Future Solution LX Legendary Enmei Ultimate Renewing Cream,725,4.4,0.0,0,SHISEIDO-Future Solution LX Legendary Enmei Ultimate Renewing Cream,https://image-optimizer-reg.production.sephora-asia.net/images/product_images/closeup_2_Product_729238164994-Shiseido-Future-Solution-LX-Legendary-Enmei-Ultimate-Renewing-Cream_d296d744a7dddf832439d2c4d2b608e60168f2b7_1624971502.png,"Combination,Dry,Normal,Oily,Sensitive","Ageing,Dryness,Dullness,Firmness&Elasticity,UnevenSkinTexture",Cream,"20s,30s,40s,50+,Under20",night_cream
https://www.sephora.sg/products/cle-de-peau-the-cream/v/30-ml,CLE DE PEAU,The Cream,875,4.4,0.0,0,CLE DE PEAU-The Cream,https://image-optimizer-reg.production.sephora-asia.net/images/product_images/closeup_1_Product_729238192256-Cle-De-Peau-The-Cream-30-ml_fd36c2ef98ba140dfe1a17b6a5637500450d4993_1659333743.png,"Combination,Dry,Normal,Oily","Dullness,Firmness&Elasticity,UnevenSkinTexture,Dryness,FineLines&Wrinkles,Pigmentation&DarkSpots",Cream,"30s,40s,50+,Under20,20s",night_cream
https://www.sephora.sg/products/philosophy-ultimate-miracle-worker-night-multi-rejuvenating-nighttime-serum-in-cream-60ml,PHILOSOPHY,Ultimate Miracle Worker Night Multi-rejuvenating Nighttime Serum In Cream,120,2.7,3.0,0,PHILOSOPHY-Ultimate Miracle Worker Night Multi-rejuvenating Nighttime Serum In Cream,https://image-optimizer-reg.production.sephora-asia.net/images/product_images/closeup_16751_Philosophy_WEB_b43c6acbe4dc8dc725f0c5dc76447c3d75f072ac_1523777308.png,"Combination,Dry,Normal,Oily","Ageing,Dryness,Dullness,FineLines&Wrinkles,Firmness&Elasticity,Pigmentation&DarkSpots,UnevenSkinTexture,UnevenSkinTone,VisiblePores",Cream,"30s,40s,50+",night_cream
https://www.sephora.sg/products/clinique-dramatically-different-hydrating-jelly,CLINIQUE,Dramatically Different Hydrating Jelly,62,4.3,99.0,0,CLINIQUE-Dramatically Different Hydrating Jelly,https://image-optimizer-reg.production.sephora-asia.net/images/product_images/closeup_1_Product_194515_20Clinique_20Dramatically_20Different_20Hydrating_20Jelly_20125ml_a2becceab23f946002a180a75c411ce039cd7443_1529657238.png,"Combination,Dry,Normal,Oily,Sensitive","Dryness,UnevenSkinTexture",Gel,"20s,30s,40s,50+,Under20",night_cream
https://www.sephora.sg/products/givenchy-skin-ressource-protective-moisturising-velvet-cream-refill,GIVENCHY,Skin Ressource Protective Moisturising Velvet Cream Refill,85,4.4,0.0,0,GIVENCHY-Skin Ressource Protective Moisturising Velvet Cream Refill,https://image-optimizer-reg.production.sephora-asia.net/images/product_images/closeup_1_Product_3274872433366-GIVENCHY-Skin-Ressource-Protective-Moisturising-Velvet-Cream-Refil_7b93b2542c8791607480cbce960b45e0a0fbc06f_1654058434.png,"Combination,Dry,Normal,Oily","Dryness,Dullness","Cream,Gel","20s,30s,40s,50+,Under20",night_cream
https://www.sephora.sg/products/dior-capture-youth-age-delay-advanced-creme-moisturiser,DIOR,Capture Youth Age-Delay Advanced Crème Moisturiser,160,4.3,12.0,0,DIOR-Capture Youth Age-Delay Advanced Crème Moisturiser,https://image-optimizer-reg.production.sephora-asia.net/images/product_images/closeup_1_Product_192346-Dior-Capture-Youth-Age-delay-Advanced-Crame-50ml_a9972de06be0a9697b4410209b7751928ea49da8_1554715119.png,"Combination,Dry,Normal,Oily","Ageing,FineLines&Wrinkles,UnevenSkinTexture",Cream,"30s,40s,50+",night_cream
https://www.sephora.sg/products/dior-prestige-la-creme-texture-essentielle,DIOR,Prestige La Crème Texture Essentielle,220,4.4,0.0,0,DIOR-Prestige La Crème Texture Essentielle,https://image-optimizer-reg.production.sephora-asia.net/images/product_images/closeup_1_Product_3348901583626-DIOR-Prestige-La-Creme-Texture-Essentielle-15ml_7db4dc7155388f5ca4ce0606130f99b74d3ae929_1664643445.png,"Combination,Dry,Normal,Oily","Ageing,FineLines&Wrinkles,UnevenSkinTexture",Cream,"20s,30s,40s,50+,Under20",night_cream
https://www.sephora.sg/products/lab-series-daily-rescue-energizing-face-lotion,LAB SERIES,Daily Rescue Energizing Face Lotion,95,4.4,0.0,0,LAB SERIES-Daily Rescue Energizing Face Lotion,https://image-optimizer-reg.production.sephora-asia.net/images/product_images/closeup_1_Product_22548429280-Lab-Series-Daily-Rescue-Energizing-Face-Lotion-50ml_0fd78b12df7c625225f82e04f5d05e2cc0e500a4_1630637928.png,"Combination,Dry,Normal,Oily","Ageing,Dryness,Dullness,FineLines&Wrinkles,UnevenSkinTexture",Lotion,"20s,30s,40s,50+,Under20",night_cream
https://www.sephora.sg/products/sulwhasoo-concentrated-ginseng-renewing-cream-ex-classic/v/60ml,SULWHASOO,Concentrated Ginseng Renewing Cream EX Classic,330,5.0,3.0,0,SULWHASOO-Concentrated Ginseng Renewing Cream EX Classic,https://image-optimizer-reg.production.sephora-asia.net/images/product_images/closeup_1_Product_8809685771807-Sulwhasoo-Concentrated-Ginseng-Renewing-Cream-EX-Classic-60ml_a38f21c3743636e11de578aea14d9fe1642f22d4_1635313316.png,"Combination,Dry,Normal,Oily","Ageing,Dryness,Dullness,Firmness&Elasticity,UnevenSkinTexture",Cream,"20s,30s,40s,50+,Under20",night_cream
https://www.sephora.sg/products/lab-series-all-in-one-face-treatment,LAB SERIES,All-In-One Face Treatment,55,5.0,1.0,0,LAB SERIES-All-In-One Face Treatment,https://image-optimizer-reg.production.sephora-asia.net/images/product_images/closeup_1_Product_22548428948-Lab-Series-All-In-One-Face-Treatment-50ml_29d42d60eb3637ac40f64aa4c63477a626ba4b47_1630637941.png,"Combination,Dry,Normal,Oily","Dryness,Dullness,FineLines&Wrinkles,Oiliness",Cream,"20s,30s,40s,50+,Under20",night_cream
https://www.sephora.sg/products/lab-series-all-in-one-face-treatment,LAB SERIES,All-In-One Face Treatment,55,5.0,1.0,0,LAB SERIES-All-In-One Face Treatment,https://image-optimizer-reg.production.sephora-asia.net/images/product_images/closeup_1_Product_22548428948-Lab-Series-All-In-One-Face-Treatment-50ml_29d42d60eb3637ac40f64aa4c63477a626ba4b47_1630637941.png,"Combination,Dry,Normal,Oily","Dryness,Dullness,FineLines&Wrinkles,Oiliness",Cream,"20s,30s,40s,50+,Under20",night_cream
https://www.sephora.sg/products/shiseido-treatment-softener,SHISEIDO,Treatment Softener Lotion,80,5.0,1.0,0,SHISEIDO-Treatment Softener Lotion,https://image-optimizer-reg.production.sephora-asia.net/images/product_images/closeup_1_Product_194405_20Shiseido_20Treatment_20Softener_afb8afb95e9e0d7ffc22eeedb5c93696117b7f12_1533114596.png,"Combination,Normal,Oily","Dryness,FineLines&Wrinkles,UnevenSkinTexture",Lotion,"20s,30s,40s,50+",night_cream
https://www.sephora.sg/products/sulwhasoo-concentrated-ginseng-renewing-cream-ex-classic/v/60ml,SULWHASOO,Concentrated Ginseng Renewing Cream EX Classic,330,5.0,3.0,0,SULWHASOO-Concentrated Ginseng Renewing Cream EX Classic,https://image-optimizer-reg.production.sephora-asia.net/images/product_images/closeup_1_Product_8809685771807-Sulwhasoo-Concentrated-Ginseng-Renewing-Cream-EX-Classic-60ml_a38f21c3743636e11de578aea14d9fe1642f22d4_1635313316.png,"Combination,Dry,Normal,Oily","Ageing,Dryness,Dullness,Firmness&Elasticity,UnevenSkinTexture",Cream,"20s,30s,40s,50+,Under20",night_cream
https://www.sephora.sg/products/saturday-skin-waterfall-glacier-water-cream/v/50ml,SATURDAY SKIN,Waterfall Glacier Water Cream,56,4.4,1381.0,1,SATURDAY SKIN-Waterfall Glacier Water Cream,https://image-optimizer-reg.production.sephora-asia.net/images/product_images/closeup_1_Product_8809314950948-Saturday-Skin-Waterfall-Glacier-Water-Cream-50ml_1a89f811134a1999338989463b3cf6275ddad588_1618414659.png,"Combination,Dry,Normal,Oily,Sensitive","Dryness,Dullness,Firmness&Elasticity,UnevenSkinTexture,UnevenSkinTone",Gel,"20s,30s,40s,50+,Under20",night_cream
https://www.sephora.sg/products/givenchy-ressource-soothing-moisturizing-treatment-lotion,GIVENCHY,Ressource Soothing Moisturizing Treatment Lotion,70,4.4,0.0,1,GIVENCHY-Ressource Soothing Moisturizing Treatment Lotion,https://image-optimizer-reg.production.sephora-asia.net/images/product_images/closeup_2_Product_3274872397361-Givenchy-Ressource-Soothing-Moisturizing-Treatment-Lotion-200ml_1f78b1b34c60f40ab9159f29c83405b9eb1df10f_1616601824.png,"Combination,Dry,Normal,Oily,Sensitive","Dryness,UnevenSkinTexture",Lotion,"20s,30s,40s,50+,Under20",night_cream
https://www.sephora.sg/products/heure-ageless-night-treatment-moisturiser,HEURE,Ageless Night Treatment Moisturiser,190,4.4,0.0,1,HEURE-Ageless Night Treatment Moisturiser,https://image-optimizer-reg.production.sephora-asia.net/images/product_images/closeup_1_Product_8885016179955-HEURE-Ageless-Night-Treatment-Moisturiser-50ml_cc88111164ab69d927c3e843e6e72209e6d82020_1629827962.png,"Combination,Dry,Normal,Oily","Ageing,Dryness,Dullness,FineLines&Wrinkles,Firmness&Elasticity,UnevenSkinTexture",Cream,"20s,30s,40s,50+",night_cream
https://www.sephora.sg/products/charlotte-tilbury-refillable-magic-night-cream,CHARLOTTE TILBURY,Refillable Magic Night Cream,210,2.0,1.0,1,CHARLOTTE TILBURY-Refillable Magic Night Cream,https://image-optimizer-reg.production.sephora-asia.net/images/product_images/closeup_1_Product_5060696178174-Charlotte-Tilbury-Refillable-Magic-Night-Cream-50ml_1e2f483b1e44768b9bed9e10cc544984d1e1e674_1627993570.png,"Combination,Dry,Normal,Oily",Dryness,Cream,"20s,30s,40s,50+,Under20",night_cream
https://www.sephora.sg/products/clinique-smart-clinical-repair-wrinkle-correcting-cream,CLINIQUE,Smart Clinical Repair Wrinkle Correcting Cream,130,4.2,1469.0,0,CLINIQUE-Smart Clinical Repair Wrinkle Correcting Cream,https://image-optimizer-reg.production.sephora-asia.net/images/product_images/closeup_1_Product_192333125120-Clinique-Smart-Clinical-Repair-Wrinkle-Correcting-Cream-50ml_e76072269103679f1aaac684765232c11216926a_1654491936.png,"Combination,Dry,Normal,Oily","Ageing,Dryness,FineLines&Wrinkles,UnevenSkinTexture",Cream,"20s,30s,40s,50+,Under20",night_cream
https://www.sephora.sg/products/pixi-rose-ceramide-cream,PIXI,Rose Ceramide Cream,40,4.1,33.0,0,PIXI-Rose Ceramide Cream,https://image-optimizer-reg.production.sephora-asia.net/images/product_images/closeup_1_Product_885190830084-Pixi-Rose-Ceramide-Cream_81a74654818413c9cec7017f7ee2c4230b0c9e9e_1664026501.png,"Combination,Dry,Normal,Oily,Sensitive","Dryness,UnevenSkinTexture",Cream,"20s,30s,40s,50+,Under20",night_cream
https://www.sephora.sg/products/sunday-riley-ice-ceramide-moisturizing-cream,SUNDAY RILEY,Ice Ceramide Moisturizing Cream,104,4.1,1161.0,1,SUNDAY RILEY-Ice Ceramide Moisturizing Cream,https://image-optimizer-reg.production.sephora-asia.net/images/product_images/closeup_1_Product_817494013986-Sunday-Riley-Ice-Ceramide-Moisturizing-Cream-50g_0abc9ce43b7a699faa68341f63df2ed6c9ab7d5f_1570679708.png,"Dry,Normal,Sensitive","Ageing,Dryness",Cream,"20s,30s,40s,50+,Under20",night_cream
https://www.sephora.sg/products/pixi-retinol-jasmine-lotion,PIXI,Retinol Jasmine Lotion,40,3.5,10.0,0,PIXI-Retinol Jasmine Lotion,https://image-optimizer-reg.production.sephora-asia.net/images/product_images/closeup_1_Product_885190830183-Pixi-Retinol-Jasmine-Lotion_b3c088e85866378515ebd2161654504906b283f9_1664026507.png,"Combination,Dry,Normal,Oily,Sensitive","Dryness,Dullness,Firmness&Elasticity,UnevenSkinTexture,UnevenSkinTone",Lotion,"20s,30s,40s,50+,Under20",night_cream
https://www.sephora.sg/products/caudalie-resveratrol-lift-firming-night-cream,CAUDALIE,Resveratrol-Lift Firming Night Cream,88,4.4,186.0,1,CAUDALIE-Resveratrol-Lift Firming Night Cream,https://image-optimizer-reg.production.sephora-asia.net/images/product_images/closeup_1_Product_3522931002986-Caudalie-Resveratrol-Lift-Firming-Night-Cream-50ml_3fcdc81314719014d20db5b0f806281ba1f68833_1661274171.png,"Combination,Dry,Normal,Oily","Dryness,Dullness,FineLines&Wrinkles,Firmness&Elasticity,UnevenSkinTexture",Cream,"20s,30s,40s,50+,Under20",night_cream
https://www.sephora.sg/products/allies-of-skin-peptides-and-antioxidants-firming-daily-treatment,ALLIES OF SKIN,Peptides & Antioxidants Firming Daily Treatment,199,4.9,7.0,1,ALLIES OF SKIN-Peptides & Antioxidants Firming Daily Treatment,https://image-optimizer-reg.production.sephora-asia.net/images/product_images/closeup_1_Product_8885014070889-AlliesofSkin-PeptidesAntioxidantsFirmingDailyTreatment-50ml_4eb4010c9cb1e8a9e064dbfc93ea799ac629cf2d_1617778665.png,"Combination,Dry,Normal,Oily","Dryness,Dullness,FineLines&Wrinkles,Firmness&Elasticity,VisiblePores",Cream,"20s,30s,40s,50+",night_cream
https://www.sephora.sg/products/talika-skintelligence-hydra-intense-hydrating-rich-cream,TALIKA,Skintelligence Hydra - Intense Hydrating Rich Cream,60,4.4,0.0,1,TALIKA-Skintelligence Hydra - Intense Hydrating Rich Cream,https://image-optimizer-reg.production.sephora-asia.net/images/product_images/closeup_1_Product_3139434552445-Talika-Skintelligence-Hydra-Intense-Hydrating-Rich-Cream-50ml_e8c1bb1cfd4a6f39435e664785b85eb1cfb55979_1630235188.png,"Combination,Dry,Normal,Oily","Dryness,Dullness",Cream,"20s,30s,40s,50+,Under20",night_cream
https://www.sephora.sg/products/kenzoki-youth-flow-dream-night-mask,KENZOKI,Youth Flow Dream Night Mask,155,4.4,0.0,1,KENZOKI-Youth Flow Dream Night Mask,https://image-optimizer-reg.production.sephora-asia.net/images/product_images/closeup_1_Product_3274872424777-Kenzoki-Youth-Flow-Dream-Night-Mask-75ml_98818d7988a089f278eebf7d95c0d8d06cb689ed_1632163651.png,"Combination,Dry,Normal,Oily","Ageing,Dryness,Dullness,FineLines&Wrinkles,Firmness&Elasticity,UnevenSkinTexture",Cream,"20s,30s,40s,50+,Under20",night_cream
https://www.sephora.sg/products/allies-of-skin-molecular-barrier-recovery-cream-balm,ALLIES OF SKIN,Molecular Barrier Recovery Cream Balm,150,4.4,0.0,1,ALLIES OF SKIN-Molecular Barrier Recovery Cream Balm,https://image-optimizer-reg.production.sephora-asia.net/images/product_images/closeup_1_Product_8885014071473-Allies-Of-Skin-Molecular-Barrier-Recovery-Cream-Balm-50ml_f53735d829167b548a7d96ae868898ab4dfdf146_1650476170.png,"Combination,Dry,Normal,Oily","Dryness,FineLines&Wrinkles,Firmness&Elasticity,UnevenSkinTexture","Balm,Cream","20s,30s,40s,50+,Under20",night_cream
https://www.sephora.sg/products/starskin-orglamic-pink-cactus-pudding/v/50ml,STARSKIN,Orglamic™ Pink Cactus Pudding Moisturiser,79,4.4,42.0,1,STARSKIN-Orglamic™ Pink Cactus Pudding Moisturiser,https://image-optimizer-reg.production.sephora-asia.net/images/product_images/closeup_1_Product_7640164572475-Starskin-Orglamic_Pink_Cactus_Pudding_Moisturiser-50ml_a7ca8a084c15008576e830b9887e255ecf95071e_1620180470.png,"Combination,Dry,Normal,Oily,Sensitive","Dryness,Dullness,UnevenSkinTexture,UnevenSkinTone","Cream,Gel,Lotion","20s,30s,40s,50+,Under20",night_cream
https://www.sephora.sg/products/caudalie-vinopure-skin-perfecting-mattifying-moisturizer,CAUDALIE,Vinopure Skin Perfecting Mattifying Moisturizer,52,3.9,154.0,1,CAUDALIE-Vinopure Skin Perfecting Mattifying Moisturizer,https://image-optimizer-reg.production.sephora-asia.net/images/product_images/closeup_1_Product_3522930003458-Caudalie-Vinopure-Moisturizing-Matifying-Fluid_150a39c371f0143ccf96687add5519a2e221f6dd_1659282359.png,"Combination,Dry,Normal,Oily,Sensitive","Blackheads,Blemishes,Dryness,Dullness,UnevenSkinTone",Lotion,"20s,30s,40s,50+,Under20",night_cream
https://www.sephora.sg/products/peter-thomas-roth-vital-e-microbiome-age-defense-cream,PETER THOMAS ROTH,Vital-E Microbiome Age Defense Cream,119,4.4,691.0,0,PETER THOMAS ROTH-Vital-E Microbiome Age Defense Cream,https://image-optimizer-reg.production.sephora-asia.net/images/product_images/closeup_1_Product_670367935484-Peter-Thomas-Roth-Vital-E-Microbiome-Age-Defense-Cream-50ml_c4e1ac97201e334a6783139080942b01e61e57be_1585128279.png,"Combination,Dry,Normal,Oily","Ageing,Dullness",Cream,"20s,30s,40s,50+,Under20",night_cream
https://www.sephora.sg/products/dermalogica-calm-water-gel,DERMALOGICA,Calm Water Gel,109,4.4,218.0,0,DERMALOGICA-Calm Water Gel,https://image-optimizer-reg.production.sephora-asia.net/images/product_images/closeup_1_Product_666151032057-Dermalogica-Calm-Water-Gel-50ml_95ef1363d1cec4ac3b92bd873fa88874225a8449_1601306684.png,Sensitive,Dryness,Gel,"20s,30s,40s,50+,Under20",night_cream
https://www.sephora.sg/products/dermalogica-intensive-moisture-balance-moisturizer,DERMALOGICA,Intensive Moisture Balance Moisturizer,92,4.5,145.0,0,DERMALOGICA-Intensive Moisture Balance Moisturizer,https://image-optimizer-reg.production.sephora-asia.net/images/product_images/closeup_1_Product_666151033016-Dermalogica-Intensive-Moisture-Balance-50ml_aff24c5fdccd743853691f71bad7b2907d8ec53d_1601306688.png,"Combination,Dry,Normal,Oily","Dryness,FineLines&Wrinkles",Cream,"20s,30s,40s,50+,Under20",night_cream
https://www.sephora.sg/products/dermalogica-skin-smoothing-moisturizer-cream,DERMALOGICA,Skin Smoothing Moisturizer Cream,77,4.6,475.0,0,DERMALOGICA-Skin Smoothing Moisturizer Cream,https://image-optimizer-reg.production.sephora-asia.net/images/product_images/closeup_1_Product_666151032149-Dermalogica-Skin-Smoothing-Cream-50ml_518ef7108a603574568acadf08a79b3b73340847_1601306686.png,"Combination,Dry,Normal,Oily",Dryness,Cream,"20s,30s,40s,50+,Under20",night_cream
https://www.sephora.sg/products/dermalogica-active-moist-2-dot-0-moisturizer,DERMALOGICA,Active Moist 2.0 Moisturizer,80,4.6,433.0,0,DERMALOGICA-Active Moist 2.0 Moisturizer,https://image-optimizer-reg.production.sephora-asia.net/images/product_images/closeup_1_Product_666151030855-Dermalogica-Active-Moist-2-0-50ml_b8d3b4fc807c9347c1da3ddcfacbc2c6b1323d72_1601306683.png,"Combination,Dry,Normal,Oily","Dryness,UnevenSkinTexture",Lotion,"20s,30s,40s,50+,Under20",night_cream
https://www.sephora.sg/products/eve-lom-moisture-cream/v/50ml,EVE LOM,Moisture Cream,185,3.5,8.0,0,EVE LOM-Moisture Cream,https://image-optimizer-reg.production.sephora-asia.net/images/product_images/closeup_1_Product_5050013027193-Eve-Lom-Moisture-Cream-50ml_731a47ca98e2fa8542175f150de97f0611ba50f0_1563767609.png,"Combination,Dry,Normal,Oily,Sensitive","Dryness,Dullness,FineLines&Wrinkles,UnevenSkinTexture,UnevenSkinTone",Cream,"20s,30s,40s,50+,Under20",night_cream
https://www.sephora.sg/products/kenzoki-hydration-flow-short-night-sleeping-mask,KENZOKI,Hydration Flow Short Night Sleeping Mask,79,1.0,1.0,1,KENZOKI-Hydration Flow Short Night Sleeping Mask,https://image-optimizer-reg.production.sephora-asia.net/images/product_images/closeup_1_Product_3274872420984-Kenzoki-Hydration-Flow-Short-Night-Sleeping-Mask-75ml_203ae06724d193492828ca37d55679e9da6b562b_1632163668.png,"Combination,Dry,Normal,Oily","Dryness,Dullness,UnevenSkinTexture",Cream,"20s,30s,40s,50+,Under20",night_cream
https://www.sephora.sg/products/kenzoki-hydration-flow-moisturizing-skin-guardian-combination-to-oily-skin,KENZOKI,Hydration Flow Moisturizing Skin Guardian - Combination To Oily Skin,70,4.4,0.0,1,KENZOKI-Hydration Flow Moisturizing Skin Guardian - Combination To Oily Skin,https://image-optimizer-reg.production.sephora-asia.net/images/product_images/closeup_1_Product_3274872420946-Kenzoki-Hydration-Flow-Moisturizing-Skin-Guardian-Combination-To-O_2ee608c971c3331cedd65f957f09012e9c16e20b_1632163671.png,"Combination,Dry,Normal,Oily","Dryness,Dullness,Firmness&Elasticity,UnevenSkinTexture",Cream,"20s,30s,40s,50+,Under20",night_cream
https://www.sephora.sg/products/kora-organics-by-miranda-kerr-turmeric-glow-moisturizer-refill-pod,KORA ORGANICS BY MIRANDA KERR,Turmeric Glow Moisturizer Refill Pod,71,4.5,2.0,0,KORA ORGANICS BY MIRANDA KERR-Turmeric Glow Moisturizer Refill Pod,https://image-optimizer-reg.production.sephora-asia.net/images/product_images/closeup_1_Product_9342759005754-Kora-Organics-TURMERIC-GLOW-MOISTURIZER-50ML-REFILL_f2d670b105525d52649a9a9e059136062f13cb79_1634738909.png,"Combination,Dry,Normal,Oily,Sensitive","Ageing,Dullness,FineLines&Wrinkles,Pigmentation&DarkSpots,UnevenSkinTexture",Cream,"20s,30s,40s,50+",night_cream
https://www.sephora.sg/products/drgl-moisturiser-collagen-boost-duo,DRGL,Moisturiser Collagen Boost Duo,158,4.4,0.0,1,DRGL-Moisturiser Collagen Boost Duo,https://image-optimizer-reg.production.sephora-asia.net/images/product_images/closeup_1_Product_8886479502595-DrGL-Moisturiser-Collagen-Boost-Duo-Default_c9e825cc44d8b3885cef4128da41d1b67c4a7315_1627993592.png,"Combination,Dry,Normal,Oily","Dryness,FineLines&Wrinkles,Firmness&Elasticity,Pigmentation&DarkSpots,UnevenSkinTexture",Cream,"20s,30s,40s,50+,Under20",night_cream
https://www.sephora.sg/products/lab-series-daily-rescue-energizing-gel-cream,LAB SERIES,Daily Rescue Energizing Gel Cream,95,5.0,1.0,0,LAB SERIES-Daily Rescue Energizing Gel Cream,https://image-optimizer-reg.production.sephora-asia.net/images/product_images/closeup_1_Product_22548429297-Lab-Series-Daily-Rescue-Energizing-Gel-Cream-50ml_6ae38f6cb3a592af0fb85b1b63a3fa425b3ece60_1630637864.png,"Combination,Dry,Normal,Oily","Ageing,Dryness,Dullness,FineLines&Wrinkles","Cream,Gel","20s,30s,40s,50+,Under20",night_cream
https://www.sephora.sg/products/lixir-universal-emulsion/v/100ml,LIXIRSKIN,Universal Emulsion,88,4.3,24.0,1,LIXIRSKIN-Universal Emulsion,https://image-optimizer-reg.production.sephora-asia.net/images/product_images/closeup_2_Product_5060541100039-Lixirskin-UNIVERSAL-EMULSION-100ML_672625fa69cf2803a543c53d311767916b04c385_1638782717.png,"Combination,Dry,Normal,Oily,Sensitive","Dryness,Dullness,FineLines&Wrinkles",Cream,"20s,30s,40s,50+",night_cream
https://www.sephora.sg/products/peter-thomas-roth-potent-c-bright-and-plump-moisturizer/v/50ml,PETER THOMAS ROTH,Potent-C Bright & Plump Moisturizer,117,3.7,129.0,0,PETER THOMAS ROTH-Potent-C Bright & Plump Moisturizer,https://image-optimizer-reg.production.sephora-asia.net/images/product_images/closeup_1_Product_209193-Peter-Thomas-Roth-Potent-C-Bright-Plump-Moisturizer-Default_0b9ef553ee63ff2183bc180184827122a669b027_1552881807.png,"Combination,Dry,Normal,Oily,Sensitive","Ageing,Blemishes,Dryness,Dullness,FineLines&Wrinkles,Firmness&Elasticity",Cream,"20s,30s,40s,50+,Under20",night_cream
https://www.sephora.sg/products/sulwhasoo-concentrated-ginseng-renewing-emulsion-ex,SULWHASOO,Concentrated Ginseng Renewing Emulsion EX,128,4.4,0.0,0,SULWHASOO-Concentrated Ginseng Renewing Emulsion EX,https://image-optimizer-reg.production.sephora-asia.net/images/product_images/closeup_1_Product_8809685794684-Sulwhasoo-Concentrated-Ginseng-Renewing-Emulsion-EX-125ml_736e253abdb8ee777e524c956d20aa40c7ccb3a7_1635313320.png,"Combination,Dry,Normal,Oily","Ageing,Dryness,Firmness&Elasticity",Lotion,"20s,30s,40s,50+,Under20",night_cream
https://www.sephora.sg/products/sulwhasoo-concentrated-ginseng-renewing-cream-ex/v/30ml,SULWHASOO,Concentrated Ginseng Renewing Cream EX,180,4.4,0.0,0,SULWHASOO-Concentrated Ginseng Renewing Cream EX,https://image-optimizer-reg.production.sephora-asia.net/images/product_images/closeup_1_Product_8809685757092-Sulwhasoo-Concentrated-Ginseng-Renewing-Cream-EX-30ml_a98276fb0a4e036292530392c23da74cfa0ac04b_1635313315.png,"Combination,Dry,Normal,Oily","Ageing,Dryness,Dullness,Firmness&Elasticity,UnevenSkinTexture",Cream,"20s,30s,40s,50+,Under20",night_cream
https://www.sephora.sg/products/charlotte-tilbury-magic-night-cream-refill,CHARLOTTE TILBURY,Magic Night Cream Refill,190,5.0,1.0,1,CHARLOTTE TILBURY-Magic Night Cream Refill,https://image-optimizer-reg.production.sephora-asia.net/images/product_images/closeup_1_Product_5056446602471-Charlotte-Tilbury-Magic-Night-Cream-Refill-50ml_41b5e19891ce74e90a1600dbd9610324a661c4db_1627993567.png,"Combination,Dry,Normal,Oily",Dryness,Cream,"20s,30s,40s,50+,Under20",night_cream
https://www.sephora.sg/products/cle-de-peau-volumizing-cream-supreme/v/50ml,CLE DE PEAU,Volumizing Cream Supreme,530,4.4,0.0,0,CLE DE PEAU-Volumizing Cream Supreme,https://image-optimizer-reg.production.sephora-asia.net/images/product_images/closeup_1_Product_729238162372-Cle-de-Peau-Beaute-VOLUMIZING-CREAM-SUPREME-50ML_a38ef08570d476f0b6d8f1fc17a8789e0ae0addb_1629258952.png,"Combination,Dry,Normal,Oily","Ageing,Dullness,FineLines&Wrinkles",Cream,"20s,30s,40s,50+,Under20",night_cream
https://www.sephora.sg/products/guerlain-midnight-secret-15ml,GUERLAIN,Midnight Secret 15ml,50,4.0,84.0,0,GUERLAIN-Midnight Secret 15ml,https://image-optimizer-reg.production.sephora-asia.net/images/product_images/closeup_1_Product_3346470612211-GUERLAIN-SMART-16-MID-SECRET-SER-15ML-TB_3b20b75489317c04dc41c83d867b665a15c45e01_1627815519.png,"Combination,Dry,Normal,Oily",Puffiness,Cream,"20s,30s,40s,50+,Under20",night_cream
https://www.sephora.sg/products/innisfree-jeju-orchid-enriched-cream/v/50ml,INNISFREE,Jeju Orchid Enriched Cream,43,3.7,3.0,0,INNISFREE-Jeju Orchid Enriched Cream,https://image-optimizer-reg.production.sephora-asia.net/images/product_images/closeup_1_Product_8809707250365-INNISFREE-Jeju-Orchid-Enriched-Cream-50ml_3a38f030c2e5db4b3eb3d98bf2c7c16267ac1751_1661364775.png,"Combination,Dry,Normal","Ageing,Dryness,Dullness,Firmness&Elasticity,UnevenSkinTexture",Cream,"20s,30s,40s,50+",night_cream
https://www.sephora.sg/products/wei-five-sacred-grains-rapid-glow-liquid-milk-moisturiser,WEI,Five Sacred Grains Rapid Glow Liquid Milk Moisturiser,70,5.0,1.0,0,WEI-Five Sacred Grains Rapid Glow Liquid Milk Moisturiser,https://image-optimizer-reg.production.sephora-asia.net/images/product_images/closeup_1_Product_207772_20Wei_20Five_20Sacred_20Grains_20Rapid_20Glow_20Liquid_20Milk_20Moisturis_411ec0c524483c82109c5c5511f9d77c93f61bcc_1550657038.png,"Combination,Dry,Normal,Oily,Sensitive","Dryness,Dullness,UnevenSkinTexture,UnevenSkinTone","Liquid,Lotion","20s,30s,40s,50+,Under20",night_cream
https://www.sephora.sg/products/amuse-phytoncica-eco-ceramide-cream,AMUSE,Phytoncica™ Eco Ceramide Cream,50,4.4,0.0,0,AMUSE-Phytoncica™ Eco Ceramide Cream,https://image-optimizer-reg.production.sephora-asia.net/images/product_images/closeup_1_Product_8809680141261-Amuse-Phytoncica-Eco-Ceramide-Cream-50ml_72df641d243054f0c9eda9c4a0c42b9d3eb53ef6_1646291225.png,"Combination,Dry,Normal,Oily","Dryness,Dullness,Firmness&Elasticity",Cream,"20s,30s,40s,50+,Under20",night_cream
https://www.sephora.sg/products/cle-de-peau-intensive-fortifying-emulsion,CLE DE PEAU,Intensive Fortifying Emulsion,210,4.4,53.0,0,CLE DE PEAU-Intensive Fortifying Emulsion,https://image-optimizer-reg.production.sephora-asia.net/images/product_images/closeup_1_Product_729238154018-Cle-De-Peau-Intensive-Fortifying-Emulsion-125ml_c6646cf607bc38647a44f7d9da1b52c3e0e0de0b_1626109547.png,"Combination,Dry,Normal,Oily","Dryness,Dullness,Firmness&Elasticity",Cream,"20s,30s,40s,50+,Under20",night_cream
https://www.sephora.sg/products/cle-de-peau-the-cream-refill,CLE DE PEAU,The Cream Refill,850,4.4,0.0,0,CLE DE PEAU-The Cream Refill,https://image-optimizer-reg.production.sephora-asia.net/images/product_images/closeup_1_Product_729238192263-Cle-De-Peau-The-Cream-Refill-30ml_89b694787482256120504c21524de9b065261b21_1659333744.png,"Combination,Dry,Normal,Oily","Dryness,Dullness,FineLines&Wrinkles,Firmness&Elasticity,UnevenSkinTexture",Cream,"20s,30s,40s,50+,Under20",night_cream
https://www.sephora.sg/products/bobbi-brown-hydrating-water-fresh-cream-moisturiser,BOBBI BROWN,Hydrating Water Fresh Cream Moisturiser,102,4.4,33.0,0,BOBBI BROWN-Hydrating Water Fresh Cream Moisturiser,https://image-optimizer-reg.production.sephora-asia.net/images/product_images/closeup_1_Product_716170233758-Bobbi-Brown-Hydrating-Water-Fresh-Cream-Moisturiser-50ml_965df6551007d670809609ddc2c7d73f23464d58_1586939377.png,"Combination,Dry,Normal,Oily,Sensitive","Dryness,UnevenSkinTexture,VisiblePores",Cream,"20s,30s,40s,50+,Under20",night_cream
https://www.sephora.sg/products/shiseido-benefiance-wrinkle-smoothing-cream/v/50ml,SHISEIDO,Benefiance Wrinkle Smoothing Cream,115,4.4,0.0,0,SHISEIDO-Benefiance Wrinkle Smoothing Cream,https://image-optimizer-reg.production.sephora-asia.net/images/product_images/closeup_1_Product_208572-Shiseido-Benefiance-Wrinkle-Smoothing-Cream-Default_8631c76222cbfb0a29e3e7295b302089652bb30a_1552988190.png,"Combination,Dry,Normal,Oily","Ageing,Dullness,FineLines&Wrinkles,Firmness&Elasticity",Cream,"20s,30s,40s,50+",night_cream
https://www.sephora.sg/products/wei-five-sacred-grains-perfect-radiance-pudding-cream-moisturiser,WEI,Five Sacred Grains Perfect Radiance Pudding Cream Moisturiser,85,3.0,2.0,0,WEI-Five Sacred Grains Perfect Radiance Pudding Cream Moisturiser,https://image-optimizer-reg.production.sephora-asia.net/images/product_images/closeup_1_Product_207773_20Wei_20Five_20Sacred_20Grains_20Perfect_20Radiance_20Pudding_20Cream_20M_390cc78157c3eeccd4e19906e386edb1cf444650_1550657041.png,"Combination,Dry,Normal,Oily,Sensitive","Dryness,Dullness,UnevenSkinTexture,UnevenSkinTone",Cream,"20s,30s,40s,50+,Under20",night_cream
https://www.sephora.sg/products/clinique-moisture-surge-100h-auto-replenishing-hydrator-limited-edition,CLINIQUE,Moisture Surge™ 100H Auto-Replenishing Hydrator (Limited Edition),78,5.0,7.0,0,CLINIQUE-Moisture Surge™ 100H Auto-Replenishing Hydrator (Limited Edition),https://image-optimizer-reg.production.sephora-asia.net/images/product_images/closeup_1_Product_192333135716-Clinique-Moisture-Surge-100H-Auto-Replenishing-Hydrator-Limited-Edi_8557f850e6317b15e0ff9e016d1e5bfb15deec05_1646291323.png,"Combination,Dry,Normal,Oily,Sensitive",Dryness,"Cream,Gel","20s,30s,40s,50+,Under20",night_cream
https://www.sephora.sg/products/laneige-perfect-renew-youth-regenerating-cream,LANEIGE,Perfect Renew Youth Regenerating Cream,90,4.5,2.0,0,LANEIGE-Perfect Renew Youth Regenerating Cream,https://image-optimizer-reg.production.sephora-asia.net/images/product_images/closeup_1_Product_8809643078535-Laneige-Perfect-Renew-Youth-Cream-Default_b11e09ab9d2747563220d98d400ac4da31676cc7_1600082834.png,"Combination,Dry,Normal,Oily","Ageing,Dryness,Dullness,FineLines&Wrinkles,Firmness&Elasticity,UnevenSkinTexture",Cream,"20s,30s,40s,50+",night_cream
https://www.sephora.sg/products/shiseido-white-lucent-overnight-cream-and-mask,SHISEIDO,White Lucent Overnight Cream and Mask,120,3.6,21.0,0,SHISEIDO-White Lucent Overnight Cream and Mask,https://image-optimizer-reg.production.sephora-asia.net/images/product_images/closeup_2_Product_208627-Shiseido-White-Lucent-Overnight-Cream-And-Mask-Default_a23358802fcdf9a7e7ae93b060554b6263801522_1552640669.png,"Combination,Dry,Normal,Oily","Ageing,FineLines&Wrinkles,Firmness&Elasticity",Cream,"20s,30s,40s,50+,Under20",night_cream
https://www.sephora.sg/products/laneige-perfect-renew-youth-emulsion,LANEIGE,Perfect Renew Youth Emulsion,60,4.4,0.0,0,LANEIGE-Perfect Renew Youth Emulsion,https://image-optimizer-reg.production.sephora-asia.net/images/product_images/closeup_1_Product_8809643078504-Laneige-Perfect-Renew-Youth-Emulsion-Default_13dcff4ed7dc86d508de803eabb5b5580bdae585_1600082830.png,"Combination,Dry,Normal,Oily","Ageing,Dryness,Dullness,Firmness&Elasticity,UnevenSkinTexture",Cream,"20s,30s,40s,50+",night_cream
https://www.sephora.sg/products/glamglow-waterburst-hydrated-glow-moisturizer,GLAMGLOW,Waterburst™ Hydrated Glow Moisturizer,70,4.2,401.0,1,GLAMGLOW-Waterburst™ Hydrated Glow Moisturizer,https://image-optimizer-reg.production.sephora-asia.net/images/product_images/closeup_34376_Glamglow_WEB_c6d9f91ed16d4ba9ebf78f62ca237e432151e49d_1523780126.png,"Combination,Dry,Normal,Oily","Dryness,Dullness",Cream,"20s,30s,40s,50+,Under20",night_cream
https://www.sephora.sg/products/clinique-moisture-surge-intense-72hr-lipid-replenishing-hydrator,CLINIQUE,Moisture Surge Intense 72Hr Lipid-Replenishing Hydrator,79,4.6,26.0,0,CLINIQUE-Moisture Surge Intense 72Hr Lipid-Replenishing Hydrator,https://image-optimizer-reg.production.sephora-asia.net/images/product_images/closeup_1_Product_192333042809-Clinique-Moisture-Surge-Intense-72Hr-Lipid-Replenishing-Hydrator-50_3611954acdc382554abc4705b8a4320e75decd29_1601914366.png,"Combination,Dry,Normal,Oily,Sensitive","Dryness,Firmness&Elasticity",Cream,"20s,30s,50+,Under20",night_cream
https://www.sephora.sg/products/shiseido-treatment-softener-enriched,SHISEIDO,Treatment Softener Enriched Lotion,80,4.0,1.0,0,SHISEIDO-Treatment Softener Enriched Lotion,https://image-optimizer-reg.production.sephora-asia.net/images/product_images/closeup_Shiseido_TreatmentSoftener_NormaltoVeryDry_f4f44ba331d50f781cd1c633d1a8e48cd17dba98_1530763454.png,"Combination,Dry,Normal","Dryness,Dullness,FineLines&Wrinkles",Lotion,"20s,30s,40s,50+",night_cream
https://www.sephora.sg/products/guerlain-abeille-royale-night-cream,GUERLAIN,Abeille Royale Night Cream,266,4.0,5.0,0,GUERLAIN-Abeille Royale Night Cream,https://image-optimizer-reg.production.sephora-asia.net/images/product_images/closeup_1_Product_3346470615038-Guerlain-AB-ROY-19-NIGHT-CR-50ML-JAR_166b0cfb1cfe872e2e2753cd12f59ff7a3c3304d_1625858134.png,"Combination,Dry,Normal,Oily,Sensitive","Dryness,FineLines&Wrinkles,Firmness&Elasticity",Cream,"20s,30s,40s,50+,Under20",night_cream
https://www.sephora.sg/products/cle-de-peau-intensive-fortifying-cream/v/50ml,CLE DE PEAU,Intensive Fortifying Cream,210,4.4,57.0,0,CLE DE PEAU-Intensive Fortifying Cream,https://image-optimizer-reg.production.sephora-asia.net/images/product_images/closeup_1_Product_729238154032-Cle-de-Peau-Beaute-INTENSIVE-FORTIFYING-CREAM-50ML_5af4190cda50d2e9a5d21e3404e823d06c6696d3_1629258942.png,"Combination,Dry,Normal,Oily","Dryness,Dullness,Firmness&Elasticity",Cream,"20s,30s,40s,50+,Under20",night_cream
https://www.sephora.sg/products/allies-of-skin-multi-nutrient-and-dioic-renewing-cream,ALLIES OF SKIN,Multi Nutrient & Dioic Renewing Cream,174,4.4,0.0,0,ALLIES OF SKIN-Multi Nutrient & Dioic Renewing Cream,https://image-optimizer-reg.production.sephora-asia.net/images/product_images/closeup_1_Product_8885014071008-Allies-Of-Skin-Multi-Nutrient-Dioic-Renewing-Cream-50ml-Update_6e6afda9babcde60aac0bbaa9038a7f8e61a4b61_1649309180.png,"Combination,Dry,Normal,Oily","Dryness,Dullness,VisiblePores",Cream,"20s,30s,40s,50+,Under20",night_cream
https://www.sephora.sg/products/talika-skintelligence-anti-age-regenerating-night-cream,TALIKA,Skintelligence Anti-Age - Regenerating Night Cream,80,4.4,0.0,0,TALIKA-Skintelligence Anti-Age - Regenerating Night Cream,https://image-optimizer-reg.production.sephora-asia.net/images/product_images/closeup_1_Product_3139436552580-Talika-Skintelligence-Anti-Age-Regenerating-Night-Cream-50ml_dfe75b87cb2655035b6b73181782c80dba71612f_1630235180.png,"Combination,Dry,Normal,Oily","Ageing,Dryness,Dullness,Firmness&Elasticity,UnevenSkinTexture",Cream,"20s,30s,40s,50+,Under20",night_cream
https://www.sephora.sg/products/eve-lom-moisture-lotion,EVE LOM,Moisture Lotion,180,4.4,0.0,0,EVE LOM-Moisture Lotion,https://image-optimizer-reg.production.sephora-asia.net/images/product_images/closeup_1_Product_5050013027919-Eve-Lom-Moisture-Lotion-50ml_b3b189b24a7438bb0f5d289ad68b189255b4b50d_1588153979.png,"Combination,Dry,Normal,Oily,Sensitive","Dryness,Oiliness,VisiblePores",Lotion,"20s,30s,40s,50+,Under20",night_cream
https://www.sephora.sg/products/edible-beauty-and-coco-bliss-regenerating-mask-50g,EDIBLE BEAUTY,& Coco Bliss Intensive Repair,70,4.2,80.0,1,EDIBLE BEAUTY-& Coco Bliss Intensive Repair,https://image-optimizer-reg.production.sephora-asia.net/images/product_images/closeup_1_Product_721802179588-Edible-Beauty--Coco-Bliss-Intensive-Repair-50ml_10df410866bedc27808592c52f8980df5b8d8100_1618201298.png,"Combination,Dry,Normal,Oily,Sensitive","Ageing,Dryness,Dullness,FineLines&Wrinkles,Firmness&Elasticity,Pigmentation&DarkSpots,UnevenSkinTexture,UnevenSkinTone,VisiblePores","Cream,Wash-Off","20s,30s,40s,50+,Under20",night_cream
https://www.sephora.sg/products/boscia-chia-seed-moisture-cream,BOSCIA,Chia Seed Moisture Cream,65,4.0,62.0,1,BOSCIA-Chia Seed Moisture Cream,https://image-optimizer-reg.production.sephora-asia.net/images/product_images/closeup_1_Product_808144232000-Boscia-Chia-Seed-Moisture-Cream-47-59ml_c85a38558c4d712e3ef6dba2b68c8fd6a68ada26_1618198572.png,"Combination,Dry,Normal,Oily,Sensitive","Dryness,UnevenSkinTexture",Cream,"20s,30s,40s,50+,Under20",night_cream
https://www.sephora.sg/products/shiseido-vital-perfection-white-revitalizing-emulsion-enriched,SHISEIDO,Vital-perfection White Revitalizing Emulsion Enriched,132,4.4,0.0,1,SHISEIDO-Vital-perfection White Revitalizing Emulsion Enriched,https://image-optimizer-reg.production.sephora-asia.net/images/product_images/closeup_1_Product_729238190993-SHISEIDO-Vital-perfection-White-Revitalizing-Emulsion-Enriched-125m_bfc22ada5996992dddbe08039c095949fd1c56d4_1659458151.png,"Combination,Dry,Normal,Oily","Ageing,Dryness,Dullness,FineLines&Wrinkles,Firmness&Elasticity,Pigmentation&DarkSpots,UnevenSkinTexture",Liquid,"20s,30s,40s,50+,Under20",night_cream
https://www.sephora.sg/products/innisfree-green-tea-seed-cream,INNISFREE,Green Tea Seed Cream,34,4.4,0.0,1,INNISFREE-Green Tea Seed Cream,https://image-optimizer-reg.production.sephora-asia.net/images/product_images/closeup_1_Product_8809707249680-Innisfree-Green-Tea-Seed-Cream-50ML_c876e476778695616aa493d51c1225eb1e2a1e75_1664439684.png,"Combination,Dry,Normal,Oily,Sensitive","Dryness,Dullness,FineLines&Wrinkles,UnevenSkinTexture",Cream,"20s,30s,40s,50+,Under20",night_cream
https://www.sephora.sg/products/nudestix-citrus-c-mask-and-daily-moisturizer,NUDESTIX,Citrus-C Mask & Daily Moisturizer,59,4.4,77.0,1,NUDESTIX-Citrus-C Mask & Daily Moisturizer,https://image-optimizer-reg.production.sephora-asia.net/images/product_images/closeup_1_Product_839174050050-Nudestix-Citus-C-Mask--Daily-Moisturizer-60ml_d64da78df4209a8a05f3702c02aee0039aafcd70_1618414297.png,"Combination,Dry,Normal,Oily","Blemishes,Dryness,Dullness,Oiliness,UnevenSkinTexture",Cream,"20s,30s,40s,50+,Under20",night_cream
https://www.sephora.sg/products/clear-start-cooling-aqua-jelly,DERMALOGICA CLEAR START,Cooling Aqua Jelly,41,4.0,7.0,0,DERMALOGICA CLEAR START-Cooling Aqua Jelly,https://image-optimizer-reg.production.sephora-asia.net/images/product_images/closeup_1_Product_666151111950-Dermalogica-Clear-Start-Cooling-Aqua-Jelly-59ml-Update_600be884e3abfd8c7c46a6ba7d423b48df38d0af_1646675391.png,"Combination,Dry,Normal,Oily","Dryness,Dullness,Oiliness,UnevenSkinTexture",Gel,"20s,30s,40s,50+,Under20",night_cream
https://www.sephora.sg/products/kopari-moisture-whipped-ceramide-cream,KOPARI,Moisture Whipped Ceramide Cream,80,4.4,0.0,0,KOPARI-Moisture Whipped Ceramide Cream,https://image-optimizer-reg.production.sephora-asia.net/images/product_images/closeup_1_Product_850031096394-Kopari-Moisture-Whipped-Ceramide-Cream-60ml_b70940edf84a19b7a5fc205c302854c0bbcb0018_1663849889.png,"Combination,Dry,Normal,Oily",Dryness,Cream,"20s,30s,40s,50+,Under20",night_cream
https://www.sephora.sg/products/the-inkey-list-retinol-eye-cream,THE INKEY LIST,Retinol Eye Cream,20,4.0,140.0,1,THE INKEY LIST-Retinol Eye Cream,https://image-optimizer-reg.production.sephora-asia.net/images/product_images/closeup_1_Product_5060879821828-The-Inkey-List-Retinol-Eye-Cream-15ml_26e5c43e46f5dbf0627e393548fe5957890b1139_1650890526.png,"Combination,Dry,Normal,Oily","Ageing,FineLines&Wrinkles,Firmness&Elasticity",Cream,"20s,30s,40s,50+,Under20",night_cream
https://www.sephora.sg/products/wei-royal-ming-empress-cream-moisturiser,WEI,Royal Ming Empress Cream Moisturiser,160,5.0,1.0,0,WEI-Royal Ming Empress Cream Moisturiser,https://image-optimizer-reg.production.sephora-asia.net/images/product_images/closeup_1_Product_207769_20Wei_20Royal_20Ming_20Empress_20Cream_20Moisturiser_20Default_dd8c410c6a83410ae5a387fa4e43b1498f9f1610_1550657032.png,"Combination,Dry,Normal,Oily,Sensitive","Dryness,Dullness,FineLines&Wrinkles,Firmness&Elasticity,Pigmentation&DarkSpots,UnevenSkinTexture,UnevenSkinTone",Cream,"20s,30s,40s,50+,Under20",night_cream
https://www.sephora.sg/products/eve-lom-tlc-moisturizing-cream,EVE LOM,TLC Moisturizing Cream,135,4.4,0.0,0,EVE LOM-TLC Moisturizing Cream,https://image-optimizer-reg.production.sephora-asia.net/images/product_images/closeup_1_Product_5050013011895-Eve-Lom-TLC-Moisturizing-Cream-50ml_4b5ed0de915a900a19afc144f517f54a526fcb00_1649763309.png,"Combination,Dry,Normal,Oily,Sensitive",Dryness,Cream,"20s,30s,40s,50+,Under20",night_cream
https://www.sephora.sg/products/tatcha-the-silk-cream,TATCHA,The Silk Cream,208,4.3,276.0,1,TATCHA-The Silk Cream,https://image-optimizer-reg.production.sephora-asia.net/images/product_images/closeup_1_Product_653341121424-Tatcha-The-Silk-Cream-Default_9d91caa043c948f86bb64ad08a221b33390a6dd6_1618646831.png,"Combination,Dry,Normal","Dryness,FineLines&Wrinkles,Firmness&Elasticity","Cream,Gel","20s,30s,40s,50+,Under20",night_cream
https://www.sephora.sg/products/la-mer-blue-heart-creme-de-la-mer,LA MER,Blue Heart Crème De La Mer (Limited Edition),560,4.4,0.0,0,LA MER-Blue Heart Crème De La Mer (Limited Edition),https://image-optimizer-reg.production.sephora-asia.net/images/product_images/closeup_1_Product_747930134176-La-Mer-Blue-Heart-Creme-De-La-Mer-Limited-Edition-60ml_a94b5f543d1a331ceea4a240b950aca391f2174e_1657512219.png,"Combination,Dry,Normal,Oily","Ageing,Dryness,FineLines&Wrinkles,UnevenSkinTexture",Cream,"20s,30s,40s,50+,Under20",night_cream
https://www.sephora.sg/products/lancome-clarifique-brightening-plumping-milky-cream,LANCÔME,Clarifique Brightening Plumping Milky Cream,135,4.7,6.0,0,LANCÔME-Clarifique Brightening Plumping Milky Cream,https://image-optimizer-reg.production.sephora-asia.net/images/product_images/closeup_1_Product_4935421707503-Lancome-Clarifique-Brightening-Plumping-Milky-Cream-50ml_721af01f44575da87e5cebfd5c2bcbac9260ad50_1588766351.png,"Combination,Dry,Normal,Oily,Sensitive","Ageing,Dryness,Dullness,Oiliness,Pigmentation&DarkSpots,UnevenSkinTexture,UnevenSkinTone,VisiblePores",Cream,"20s,30s,40s,50+,Under20",night_cream
https://www.sephora.sg/products/laneige-time-freeze-intensive-cream-ex,LANEIGE,Time Freeze Intensive Cream EX,98,4.8,4.0,0,LANEIGE-Time Freeze Intensive Cream EX,https://image-optimizer-reg.production.sephora-asia.net/images/product_images/closeup_1_Product_207384-Laneige-Time-Freeze-Intensive-Cream-EX-50ml_33eae30bc7dcd0210b2c0ec97ace23b8bed8451a_1546508425.png,"Combination,Dry,Normal,Oily,Sensitive","Ageing,Dryness,Firmness&Elasticity,UnevenSkinTexture",Cream,"20s,30s,40s,50+,Under20",night_cream
https://www.sephora.sg/products/origins-ginzing-oil-free-energy-boosting-gel-moisturizer,ORIGINS,Ginzing Oil-Free Energy-Boosting Gel Moisturizer,36,4.0,85.0,0,ORIGINS-Ginzing Oil-Free Energy-Boosting Gel Moisturizer,https://image-optimizer-reg.production.sephora-asia.net/images/product_images/closeup_1_Product_717334243330-Origins-Ginzing_Oil-Free_Energy-Boosting_Gel_Moisturizer-30ml_21b35a535c2c5e4639591cebb76192bbdd845f43_1619713378.png,"Combination,Dry,Normal,Oily","Dryness,Dullness",Gel,"20s,30s,40s,50+,Under20",night_cream
https://www.sephora.sg/products/burts-bees-sensitive-night-cream,BURT'S BEES,Sensitive Night Cream,52,3.5,2.0,0,BURT'S BEES-Sensitive Night Cream,https://image-optimizer-reg.production.sephora-asia.net/images/product_images/closeup_1_Product_792850014213-Burts-Bees-Sensitive-Night-Cream-51g_b4dc1428831a7af68b86b7f129e4064e758e044a_1622628669.png,"Combination,Dry,Normal,Oily,Sensitive",Dryness,Cream,"20s,30s,40s,50+,Under20",night_cream
https://www.sephora.sg/products/dr-dennis-gross-ferulic-plus-retinol-anti-aging-moisturizer,DR. DENNIS GROSS,Ferulic + Retinol Anti-Aging Moisturizer,120,4.2,5.0,1,DR. DENNIS GROSS-Ferulic + Retinol Anti-Aging Moisturizer,https://image-optimizer-reg.production.sephora-asia.net/images/product_images/closeup_1_Product_206829-Dr-Dennis-Gross-Ferulic-Retinol-Anti-Aging-Moisturizer-Default_6f1dd417288d8ed50ff019cfe929e27c77dbee2d_1592218822.png,"Combination,Dry,Normal,Oily","Ageing,Dryness,Dullness,FineLines&Wrinkles,Firmness&Elasticity,UnevenSkinTexture",Cream,"20s,30s,40s,50+",night_cream
https://www.sephora.sg/products/sunday-riley-ceo-c-plus-e-antioxidant-protect-plus-repair-moisturizer,SUNDAY RILEY,C.E.O. C + E Antioxidant Protect + Repair Moisturizer,35,4.0,1160.0,1,SUNDAY RILEY-C.E.O. C + E Antioxidant Protect + Repair Moisturizer,https://image-optimizer-reg.production.sephora-asia.net/images/product_images/closeup_1_Product_35727_20Sunday_20Riley_20CEO_20C_20E_20Antioxidant_20Protect_20Repair_20Moisturizer_2015g_5390b7227d27fc024347cac07fcb0b565f5090b7_1529485740.png,"Combination,Dry,Normal,Oily,Sensitive","Ageing,Dryness,Dullness,Pigmentation&DarkSpots,UnevenSkinTexture,UnevenSkinTone","Cream,Lotion","20s,30s,40s,50+,Under20",night_cream
https://www.sephora.sg/products/skyn-iceland-the-antidote-cooling-daily-lotion,SKYN ICELAND,The Antidote Cooling Daily Lotion,74,4.3,286.0,1,SKYN ICELAND-The Antidote Cooling Daily Lotion,https://image-optimizer-reg.production.sephora-asia.net/images/product_images/closeup_1_Product_182289000008-skyn-Iceland-The-Antidote-Cooling-Daily-Lotion-_94292ef518bee98f658600a48d76a0ca2a741aaa_1597860222.png,"Combination,Dry,Normal,Oily,Sensitive","Blemishes,Dryness",Lotion,"20s,30s,40s,50+,Under20",night_cream
https://www.sephora.sg/products/skyn-iceland-oxygen-infusion-night-cream/v/56g,SKYN ICELAND,Oxygen Infusion Night Cream,108,3.2,6.0,1,SKYN ICELAND-Oxygen Infusion Night Cream,https://image-optimizer-reg.production.sephora-asia.net/images/product_images/closeup_1_Product_203331-Skyn-Iceland-Oxygen-Infusion-Night-Cream-With-Glacial-Flower-Extract-Defa_7eb3d777ac28ff3b3a4a4001338ba8e35e187fc3_1547785453.png,"Combination,Dry,Normal,Oily,Sensitive","Ageing,Dryness,Dullness,FineLines&Wrinkles,Puffiness",Cream,"20s,30s,40s,50+",night_cream
https://www.sephora.sg/products/gallinee-hydrating-face-cream,GALLINÉE,Hydrating Face Cream,66,4.6,5.0,0,GALLINÉE-Hydrating Face Cream,https://image-optimizer-reg.production.sephora-asia.net/images/product_images/closeup_1_Product_5060451730043-Gallinee-Hydrating_20Face_20Cream-30ml_2133bc5acd4a0bc593d2a0e01034596ddbb6dff1_1618278153.png,"Combination,Dry,Normal,Oily,Sensitive","Dryness,Dullness,UnevenSkinTone",Cream,"20s,30s,40s,50+,Under20",night_cream
https://www.sephora.sg/products/first-aid-beauty-skin-rescue-daily-face-cream,FIRST AID BEAUTY,Skin Rescue Daily Face Cream,37,4.2,573.0,0,FIRST AID BEAUTY-Skin Rescue Daily Face Cream,https://image-optimizer-reg.production.sephora-asia.net/images/product_images/closeup_1_Product_851939002098-First-Aid-Beauty-Skin-Rescue-Daily-Face-Cream-60ml_83dbfe1f4534db1b2571674cd6504a4cab34b306_1618234952.png,"Combination,Dry,Normal,Oily,Sensitive","Blemishes,Dryness,Oiliness",Cream,"20s,30s,40s,50+,Under20",night_cream
https://www.sephora.sg/products/wei-royal-ming-imperial-lotion-moisturiser,WEI,Royal Ming Imperial Lotion Moisturiser,125,5.0,1.0,0,WEI-Royal Ming Imperial Lotion Moisturiser,https://image-optimizer-reg.production.sephora-asia.net/images/product_images/closeup_1_Product_207770_20Wei_20Royal_20Ming_20Imperial_20Lotion_20Moisturiser_20Default_3dacf86d01a6cc5c325e8574ae5f8469ec880451_1550657034.png,"Combination,Dry,Normal,Oily,Sensitive","Dryness,Dullness,FineLines&Wrinkles,Pigmentation&DarkSpots,UnevenSkinTexture,UnevenSkinTone","Liquid,Lotion","20s,30s,40s,50+,Under20",night_cream
https://www.sephora.sg/products/sulwhasoo-essential-balancing-emulsion-ex-moisturiser,SULWHASOO,Essential Balancing Emulsion EX Moisturiser,78,4.0,4.0,0,SULWHASOO-Essential Balancing Emulsion EX Moisturiser,https://image-optimizer-reg.production.sephora-asia.net/images/product_images/closeup_1_Product_8809685818830-Sulwhasoo-Essential-Balancing-Emulsion-EX-Moisturiser-125ml_5ba6547b8ff4eafd3d5a8c865703df0663c4bbbe_1595587227.png,"Combination,Dry,Normal,Oily","Dryness,Dullness,UnevenSkinTexture",Lotion,"20s,30s,40s,50+,Under20",night_cream
https://www.sephora.sg/products/origins-make-a-difference-plus-plus-skin-rejuvenating-treatment,ORIGINS,Make A Difference™ Plus+ Rejuvenating Treatment,86,4.4,128.0,0,ORIGINS-Make A Difference™ Plus+ Rejuvenating Treatment,https://image-optimizer-reg.production.sephora-asia.net/images/product_images/closeup_1_Product_717334179493-Origins-Make_A_Difference_Plus_Rejuvenating_Treatment-50ml_751b664f14e3f6398a3eda9d48bf63c2c4cb3603_1619714014.png,"Dry,Normal",Dryness,Cream,"20s,30s,40s,50+,Under20",night_cream
https://www.sephora.sg/products/elemis-superfood-night-cream,ELEMIS,Superfood Night Cream,90,4.4,0.0,0,ELEMIS-Superfood Night Cream,https://image-optimizer-reg.production.sephora-asia.net/images/product_images/closeup_1_Product_641628502301-Elemis-Superfood-Night-Cream-50ml_097778f8d4fcaf2c376b5e6b55d16a149222cf7f_1650559619.png,"Combination,Dry,Normal,Oily","Dryness,Dullness,UnevenSkinTexture","Cream,Gel","20s,30s,40s,50+,Under20",night_cream
https://www.sephora.sg/products/tatcha-the-water-cream,TATCHA,The Water Cream,115,4.4,306.0,1,TATCHA-The Water Cream,https://image-optimizer-reg.production.sephora-asia.net/images/product_images/closeup_1_Product_653341121028-Tatcha-The-Water-Cream-50ml_fa37bfc81b3e41ec28e462137dfafbf2b4a02ccb_1618646830.png,"Combination,Dry,Normal,Oily,Sensitive","Ageing,Dryness,Dullness,UnevenSkinTexture,VisiblePores",Cream,"20s,30s,40s,50+,Under20",night_cream
https://www.sephora.sg/products/the-inkey-list-omega-water-cream,THE INKEY LIST,Omega Water Cream,18,4.0,401.0,1,THE INKEY LIST-Omega Water Cream,https://image-optimizer-reg.production.sephora-asia.net/images/product_images/closeup_1_Product_5060879823204-The-Inkey-List-Omega-Water-Cream-50ml_459beb83564d3e7b91c40e38d8b4182bdf0db454_1641187610.png,"Combination,Dry,Normal,Oily",Dryness,"Cream,Gel","20s,30s,40s,50+,Under20",night_cream
https://www.sephora.sg/products/laura-mercier-skin-essentials-collection,LAURA MERCIER,Skin Essentials Collection,110,5.0,2.0,0,LAURA MERCIER-Skin Essentials Collection,https://image-optimizer-reg.production.sephora-asia.net/images/product_images/closeup_1_Product_7361501109146-Laura-Mercier-Skin-Essentials-Collection-Default_282c2c615e32d259f32bddfaa1d9c145c0ebaab9_1606198602.png,"Combination,Dry,Normal,Oily","Ageing,Dryness,Dullness,UnevenSkinTexture","Cream,Foam,Liquid","20s,30s,40s,50+",night_cream
https://www.sephora.sg/products/skyn-iceland-pure-cloud-cream,SKYN ICELAND,Pure Cloud Cream,88,4.2,179.0,1,SKYN ICELAND-Pure Cloud Cream,https://image-optimizer-reg.production.sephora-asia.net/images/product_images/closeup_1_Product_159397-Skyn-Iceland-Pure-Cloud-Cream-With-Arctic-Berries-And-Peptides-Default_e66a11511846caddacee7d38359c67fd48177567_1547785448.png,"Combination,Dry,Normal,Oily,Sensitive","Blemishes,Dryness,UnevenSkinTexture",Cream,"20s,30s,40s,50+,Under20",night_cream
https://www.sephora.sg/products/clinique-repairwear-laser-focus-night-line-smoothing-cream,CLINIQUE,Repairwear Laser Focus Night Line Smoothing Cream,109,5.0,3.0,0,CLINIQUE-Repairwear Laser Focus Night Line Smoothing Cream,https://image-optimizer-reg.production.sephora-asia.net/images/product_images/closeup_1_Product_20714777838-Clinique-Repairwear-Laser-Focus-Night-Line-Smoothing-Cream-50ml_a39e3cb97532b95c3bb01a4782638426ceb87cf7_1577349989.png,"Combination,Dry,Normal,Sensitive","Dryness,FineLines&Wrinkles",Cream,"20s,30s,40s,50+",night_cream
https://www.sephora.sg/products/for-beloved-one-melasleep-brightening-lumis-key-lotion,FOR BELOVED ONE,Melasleep Brightening Lumi's Key Lotion,57,4.4,0.0,0,FOR BELOVED ONE-Melasleep Brightening Lumi's Key Lotion,https://image-optimizer-reg.production.sephora-asia.net/images/product_images/closeup_1_Product_178343_20For_20Beloved_20One_20Melasleep_20Brightening_20Lumis_20Key_20Lotion_87745f0da7ca68a40e06a36fb718cb67d0c54b3b_1531476318.png,"Combination,Dry,Normal,Oily,Sensitive","Dullness,Pigmentation&DarkSpots,UnevenSkinTexture,UnevenSkinTone",Lotion,"20s,30s,40s,50+,Under20",night_cream
https://www.sephora.sg/products/kopari-coconut-water-moisture-cream,KOPARI,Coconut Water Moisture Cream,46,3.2,5.0,1,KOPARI-Coconut Water Moisture Cream,https://image-optimizer-reg.production.sephora-asia.net/images/product_images/closeup_1_Product_850004184349-Kopari-Coconut-Water-Moisture-Cream-50ml_f796b6a28173eb649a64ab61a869499378d44092_1618373956.png,"Combination,Dry,Normal,Oily,Sensitive","Dryness,Dullness,UnevenSkinTexture","Cream,Gel","20s,30s,40s,50+,Under20",night_cream
https://www.sephora.sg/products/pixi-beauty-sleep-cream,PIXI,Beauty Sleep Cream,41,4.0,21.0,0,PIXI-Beauty Sleep Cream,https://image-optimizer-reg.production.sephora-asia.net/images/product_images/closeup_1_Product_885190830015-Pixi_BeautySleepCream_9e094296a260049dc4d715432b18195824ba4fef_1664026495.png,"Combination,Dry,Normal,Oily",Dryness,Cream,"20s,30s,40s,50+",night_cream
https://www.sephora.sg/products/caudalie-premier-cru-cream,CAUDALIE,Premier Cru Cream,176,4.3,80.0,1,CAUDALIE-Premier Cru Cream,https://image-optimizer-reg.production.sephora-asia.net/images/product_images/closeup_1_Product_3522930002208-Caudalie-Premier-Cru-Cream-50ml_5bd6efeb6c81287a489a5c07e4665c2b15c7ea27_1659282326.png,"Combination,Dry,Normal,Oily,Sensitive","Ageing,Dullness,FineLines&Wrinkles,Firmness&Elasticity",Cream,"20s,30s,40s,50+",night_cream
https://www.sephora.sg/products/burts-bees-skin-nourishment-night-cream,BURT'S BEES,Skin Nourishment Night Cream,56,4.0,7.0,0,BURT'S BEES-Skin Nourishment Night Cream,https://image-optimizer-reg.production.sephora-asia.net/images/product_images/closeup_1_Product_792850898646-Burts-Bees-Skin-Nourishment-Night-Cream-Default_3d25cc2433e2ae53703bec352a2c0942f52801cc_1618201137.png,"Combination,Dry,Normal,Oily","Dryness,Dullness,FineLines&Wrinkles",Cream,"20s,30s,40s,50+",night_cream
