unique_id,rating,Combination,Dry,Normal,Oily,Sensitive,Ageing,Blackheads,Blemishes,DarkCircles,Dryness,Dullness,FineLines&Wrinkles,Firmness&Elasticity,Oiliness,Pigmentation&DarkSpots,Puffiness,UnevenSkinTexture,UnevenSkinTone,VisiblePores,Balm,Bar,ClayMud,Cream,Foam,Gel,Liquid,Lotion,Oil,Powder,Wipe,20s,30s,40s,50+,Under20
FRESH-Soy Face Cleanser,4.4,1,1,1,1,0,1,0,0,0,1,0,0,0,0,0,0,0,0,1,0,0,0,0,0,1,0,0,0,0,0,1,1,1,1,1
THE ORDINARY-Squalane Cleanser,4.0,1,1,1,1,0,0,0,0,0,1,0,0,0,0,0,0,0,0,0,0,0,0,0,0,0,1,0,0,0,0,1,1,1,1,1
SEPHORA COLLECTION-Cleansing Face Wipe,4.1,1,1,1,1,1,0,0,0,0,0,1,0,0,0,0,0,0,0,0,0,0,0,0,0,0,0,0,0,0,1,1,1,1,1,1
FARMACY-Green Clean Makeup Meltaway Cleansing Balm,4.7,1,1,1,1,0,0,0,0,0,1,0,0,0,0,0,0,0,0,0,1,0,0,0,0,0,0,0,0,0,0,1,1,1,1,1
SEPHORA COLLECTION-Triple Action Cleansing Micellar Water,4.4,1,1,1,1,1,0,0,0,0,1,0,0,0,0,0,0,0,0,0,0,0,0,0,0,0,1,0,0,0,0,1,1,1,1,1
GLOW RECIPE-Blueberry Bounce Gentle Cleanser,3.9,1,1,1,1,0,0,0,0,0,1,1,0,0,0,0,0,0,0,1,0,0,0,0,0,0,1,0,0,0,0,1,1,1,1,1
TATCHA-Dewy Cleanse And Hydrate Duo (Christmas Limited Edition),4.4,1,1,1,1,0,0,0,0,0,1,0,0,0,0,0,0,0,0,0,0,0,0,1,0,0,1,0,0,0,0,1,1,1,1,1
FRESH-Skincare Prep Essentials (Christmas Limited Edition),5.0,1,1,1,1,0,0,0,0,0,1,0,0,0,0,0,0,0,0,1,0,0,0,0,0,1,1,0,0,0,0,1,1,1,1,1
THE INKEY LIST-Oat Cleansing Balm,3.8,1,1,1,1,1,0,0,0,0,1,0,0,0,0,0,0,1,0,0,1,0,0,0,0,0,0,0,0,0,0,1,1,1,1,1
SK-II-Facial Treatment Gentle Cleanser,4.6,1,1,1,1,0,0,1,0,0,1,1,0,0,0,0,0,1,0,0,0,0,0,1,0,0,0,0,0,0,0,1,1,1,1,1
DR.JART+-Dermaclear Micro pH Foam Facial Cleanser,4.4,1,1,0,1,1,0,0,0,0,0,1,0,0,0,0,0,0,0,0,0,0,0,0,1,1,0,0,0,0,0,1,1,1,1,1
TATCHA-Clarifying Cleanse And Hydrate Duo (Christmas Limited Edition),4.4,1,1,1,1,0,0,0,0,0,1,0,0,0,1,0,0,1,0,1,0,0,0,1,0,0,0,1,0,0,0,1,1,1,1,1
TATCHA-The Rice Wash Cleanser,4.5,1,1,1,0,0,1,0,0,0,1,1,0,0,0,0,0,1,0,0,0,0,0,1,0,0,0,0,0,0,0,1,1,1,1,1
SHU UEMURA-Anti/Oxi+ Pollutant And Dullness Clarifying Cleansing Oil,4.9,1,1,1,1,0,0,0,0,0,0,1,0,0,0,0,0,1,0,0,0,0,0,0,0,0,0,0,1,0,0,1,1,1,1,1
FRESH-Best Of Beauty Bundle (Christmas Limited Edition),4.8,1,1,1,1,0,0,0,0,0,1,1,0,0,0,0,0,0,0,1,0,0,0,1,0,0,1,0,0,0,0,1,1,1,1,1
FRESH-Best Selling Duo (Christmas Limited Edition),4.4,1,1,1,1,0,0,0,0,0,1,0,0,0,0,0,0,0,0,0,0,0,0,1,0,1,0,0,0,0,0,1,1,1,1,1
FRESH-Soy Face Cleanser (Limited-Edition),4.8,1,1,1,1,0,0,0,0,0,1,0,0,0,0,0,0,0,0,1,0,0,0,1,0,0,0,0,0,0,0,1,1,1,1,1
CAUDALIE-Vinoclean Instant Foaming Cleanser,4.3,1,1,1,1,0,0,0,0,0,1,0,0,0,0,0,0,0,0,0,0,0,0,0,1,0,0,0,0,0,0,1,1,1,1,1
SULWHASOO-Gentle Cleansing Foam,4.9,1,1,1,1,0,0,0,0,0,1,0,0,0,0,0,0,0,0,0,0,0,0,0,1,0,0,0,0,0,0,1,1,1,1,1
SHU UEMURA-Sailormoon Ultime8 Cleansing Oil (Christmas Limited Edition),5.0,1,1,1,1,0,0,0,0,0,1,0,0,0,0,0,0,1,0,0,0,0,0,0,0,0,0,0,1,0,0,1,1,1,1,1
THE INKEY LIST-Fulvic Acid Brightening Cleanser,4.5,1,1,1,1,0,0,0,0,0,0,1,0,0,0,1,0,1,1,0,0,0,0,0,0,1,0,0,0,0,0,1,1,1,1,1
DR. DENNIS GROSS-Alpha Beta AHA/BHA Cleansing Gel,4.2,1,1,1,1,0,0,0,0,0,0,1,1,0,0,0,0,0,0,1,0,0,0,0,0,1,0,0,0,0,0,1,1,1,1,1
DRUNK ELEPHANT-Beste™ No. 9 Jelly Cleanser,4.0,1,1,1,1,1,0,0,0,0,1,0,0,0,0,0,0,0,0,0,0,0,0,0,0,0,1,0,0,0,0,1,1,1,1,1
CAUDALIE-Vinopure Purifying Gel Cleanser,4.5,1,1,1,1,0,0,0,1,0,0,1,0,0,1,0,0,0,0,0,0,0,0,0,0,1,0,0,0,0,0,1,1,1,1,1
SEPHORA COLLECTION-Gentle Eye And Lip Makeup Remover,3.8,1,1,1,1,0,0,0,0,0,1,0,0,0,0,0,0,0,0,0,0,0,0,0,0,0,1,0,0,0,0,1,1,1,1,1
FENTY SKIN-Total Cleans'R Remove-It-All Cleanser,4.2,1,1,1,1,1,0,0,0,0,1,1,0,0,1,0,0,0,0,1,0,0,0,1,0,0,0,0,0,0,0,1,1,1,1,1
SHU UEMURA-Ultime8∞ Sublime Beauty Cleansing Oil,4.2,1,1,1,1,0,0,0,0,0,1,0,1,1,0,0,0,0,0,0,0,0,0,0,0,0,0,0,1,0,0,1,1,1,1,1
DR. DENNIS GROSS-Hyaluronic Marine Meltaway Cleanser,4.5,1,1,1,1,1,0,0,0,0,1,1,0,0,0,0,0,0,0,0,0,0,0,1,0,0,0,0,0,0,0,1,1,1,1,1
THE ORDINARY-Salicylic Acid 2% Anhydrous Solution,3.9,1,1,1,1,1,0,0,1,0,0,0,0,0,0,0,0,1,1,1,0,0,0,0,0,0,1,0,0,0,0,1,1,1,1,1
LANCÔME-Clarifique Pore Refining Cleansing Foam,4.4,1,1,1,1,1,0,0,0,0,0,1,0,0,0,0,0,0,0,1,0,0,0,0,1,0,0,0,0,0,0,1,1,1,1,1
FARMACY-Clearly Clean Makeup Meltaway Cleansing Balm,4.7,1,1,1,1,1,0,0,0,0,1,1,0,0,0,0,0,0,0,0,1,0,0,0,0,0,0,0,0,0,0,1,1,1,1,1
THE INKEY LIST-Selfless by Hyram Centella and Green Tea Daily Gel Cleanser,4.0,1,1,1,1,1,0,0,0,0,1,0,0,0,0,0,0,0,0,0,0,0,0,0,0,1,0,0,0,0,0,1,1,1,1,1
INDIE LEE-Brightening Cleanser,4.4,1,1,1,1,0,0,0,0,0,1,1,0,0,0,0,0,1,1,1,0,0,0,0,0,1,1,0,0,0,0,1,1,1,1,1
INNISFREE-Green Tea Hydration Duo,4.5,1,1,1,1,0,0,0,0,0,1,1,0,0,0,0,0,0,0,0,0,0,0,1,1,0,1,0,0,0,0,1,1,1,1,1
ESTÉE LAUDER-Perfectly Clean Multi-Action Foam Cleanser/Purifying Mask,4.4,1,1,1,1,0,0,0,0,0,0,1,0,0,0,0,0,0,0,0,0,0,0,0,1,0,0,0,0,0,0,1,1,1,1,1
SHISEIDO-Face Cleanser,5.0,1,1,1,1,0,0,0,0,0,1,0,0,0,1,0,0,1,0,0,0,0,0,0,1,0,0,0,0,0,0,1,1,1,1,1
TATCHA-The Camellia Cleansing Oil,4.4,1,1,1,1,0,0,0,0,0,1,0,0,0,1,0,0,0,0,0,0,0,0,0,0,0,0,0,1,0,0,1,1,1,1,1
INNISFREE-Bija Trouble Facial Foam,4.0,1,1,1,1,0,0,0,0,0,0,1,0,0,1,0,0,0,0,1,0,0,0,0,1,0,0,0,0,0,0,1,1,1,1,1
CAUDALIE-Vinoclean Makeup Removing Cleansing Oil,4.4,1,1,1,1,0,0,0,0,0,1,0,0,0,0,0,0,0,0,0,0,0,0,0,0,0,0,0,1,0,0,1,1,1,1,1
BOBBI BROWN-Soothing Cleansing Oil,4.6,1,1,1,1,1,0,0,0,0,1,0,0,0,0,0,0,0,0,0,0,0,0,0,0,0,0,0,1,0,0,1,1,1,1,1
MARIO BADESCU-Acne Facial Cleanser,4.1,1,0,0,1,0,0,0,1,0,0,0,0,0,0,0,0,0,0,0,0,0,0,0,0,0,1,0,0,0,0,1,1,1,1,1
LA MER-The Cleansing Foam,4.1,1,1,1,1,0,0,0,0,0,0,1,0,0,1,0,0,0,1,0,0,0,0,0,1,0,0,0,0,0,0,1,1,1,1,1
MARIO BADESCU-Enzyme Cleansing Gel,4.1,1,0,0,1,0,0,0,0,0,0,0,0,0,1,0,0,0,0,0,0,0,0,0,0,1,0,0,0,0,0,1,1,1,1,1
PHILOSOPHY-Purity Made Simple One-Step Facial Cleanser,4.5,1,1,1,1,1,0,0,0,0,1,0,0,0,0,0,0,0,0,1,0,0,0,0,0,0,1,0,0,0,0,1,1,1,1,1
ELEMIS-Superfood Facial Wash,5.0,1,1,1,1,0,0,0,0,0,1,1,0,0,0,0,0,0,0,0,0,0,0,0,0,1,0,0,0,0,0,1,1,1,1,1
CAUDALIE-Vinoclean Micellar Cleansing Water,4.5,1,1,1,1,1,0,0,0,0,1,0,0,0,0,0,0,0,0,0,0,0,0,0,0,0,1,0,0,0,0,1,1,1,1,1
IT COSMETICS-Confidence In A Cleanser,4.5,1,1,1,1,1,0,0,0,0,1,0,0,0,0,0,0,0,0,0,0,0,0,1,0,0,0,0,0,0,0,1,1,1,1,1
SEPHORA COLLECTION-Cleansing & Hydrating Micellar Water,4.6,1,1,1,1,1,0,0,0,0,1,0,0,0,0,0,0,1,0,0,0,0,0,0,0,0,1,0,0,0,0,1,1,1,1,1
GLOW RECIPE-Papaya Sorbet Enzyme Cleansing Balm,4.2,1,1,1,1,0,0,0,0,0,1,1,0,0,0,0,0,0,0,0,1,0,0,1,0,0,0,0,0,0,0,1,1,1,1,1
CHARLOTTE TILBURY-Take It All Off,4.4,1,1,1,1,1,0,0,0,0,0,0,1,0,0,0,1,1,0,0,0,0,0,0,0,0,1,0,0,0,0,1,1,1,1,1
ORIGINS-Checks and Balances™ Frothy Face Wash,4.4,1,1,1,1,0,0,0,0,0,1,0,0,0,1,0,0,0,0,0,0,0,0,1,0,0,0,0,0,0,0,1,1,1,1,1
SUNDAY RILEY-Ceramic Slip Clay Cleanser,3.9,1,1,1,1,1,1,0,1,0,0,1,0,0,1,1,0,1,1,1,0,0,0,0,0,0,1,0,0,0,0,1,1,1,1,1
FRESH-Rose Cleansing Foam,3.9,1,1,1,1,1,1,0,0,0,1,1,0,1,0,0,0,1,0,0,0,0,0,0,1,0,0,0,0,0,0,1,1,1,1,0
CLINIQUE-All About Clean 2-in-1 Cleansing + Exfoliating Jelly Anti-Pollution,4.6,1,1,1,1,0,0,0,0,0,0,1,0,0,0,0,0,1,0,1,0,0,0,0,0,1,0,0,0,0,0,1,1,1,1,1
OLE HENRIKSEN-Truth Juice™ Daily Cleanser,4.3,1,1,1,1,0,0,0,0,0,0,1,0,0,0,0,0,0,0,0,0,0,0,1,0,1,0,0,0,0,0,1,1,1,1,1
LANEIGE-Water Bank Blue Hyaluronic Cleansing Foam,4.7,1,1,1,1,0,0,0,0,0,0,1,0,0,0,0,0,0,0,1,0,0,0,0,1,0,0,0,0,0,0,1,1,1,1,1
FRESH-Kombucha Cleansing Treatment,4.4,1,1,1,1,0,0,0,0,0,0,0,0,0,0,0,0,1,0,1,0,0,0,0,0,0,1,0,0,0,0,1,1,1,1,1
FARMACY-Whipped Greens oil-free foaming cleanser,4.6,1,1,1,1,0,0,0,0,0,0,1,0,0,1,0,0,0,0,1,0,0,0,1,0,0,0,0,0,0,0,1,1,1,1,1
FRESH-Day & Night Hydration (Christmas Limited Edition),5.0,1,1,1,1,0,1,0,0,0,1,1,0,0,0,0,0,0,0,0,0,0,0,1,0,1,0,0,0,0,0,1,1,1,1,1
DIOR-La Mousse Off/On Foaming Cleanser,4.4,1,1,1,1,0,0,0,0,0,1,1,0,0,0,0,0,0,0,0,0,0,0,0,1,0,0,0,0,0,0,1,1,1,1,1
SULWHASOO-Gentle Cleansing Oil,3.9,1,1,1,1,0,0,0,0,0,1,1,0,0,0,0,0,0,0,0,0,0,0,0,0,0,0,0,1,0,0,1,1,1,1,1
CLINIQUE-All About Clean™ Liquid Facial Soap (Oily Skin),4.4,1,0,0,1,0,0,0,0,0,1,0,0,0,0,0,0,0,0,0,0,0,0,0,0,0,1,0,0,0,0,1,1,1,1,1
CLINIQUE-All About Clean™ Liquid Facial Soap (Mild),4.4,1,0,1,0,1,0,0,0,0,1,0,0,0,1,0,0,0,0,0,0,0,0,0,0,0,1,0,0,0,0,1,1,1,1,1
DRUNK ELEPHANT-Slaai™ Makeup-Melting Butter Cleanser,3.8,1,1,1,1,1,0,0,0,0,1,1,0,0,0,0,0,1,1,0,1,0,0,0,0,0,1,0,1,0,0,1,1,1,1,1
SEPHORA COLLECTION-Brightening Dual Exfoliator,4.3,1,1,1,1,0,0,0,0,0,0,1,0,0,0,0,0,1,0,0,0,0,0,0,0,0,1,0,0,0,0,1,1,1,1,1
CLE DE PEAU-Clarifying Cleansing Foam,4.3,1,1,1,1,0,0,0,0,0,0,1,0,0,0,0,0,0,0,0,0,0,0,0,1,0,0,0,0,0,0,1,1,1,1,1
BOSCIA-Detoxifying Black Charcoal Cleanser,4.3,1,1,1,1,1,0,0,0,0,0,1,0,0,1,0,0,1,1,1,0,0,0,0,0,1,0,0,0,0,0,1,1,1,1,1
SEPHORA COLLECTION-Exfoliating Face Wipe,4.2,1,1,1,1,0,0,0,0,0,1,1,0,0,0,0,0,0,1,0,0,0,0,0,0,0,0,0,0,0,1,1,1,1,1,1
FIRST AID BEAUTY-Face Cleanser,4.4,1,1,1,1,1,0,0,0,0,1,0,0,0,0,0,0,0,0,1,0,0,0,1,0,0,0,0,0,0,0,1,1,1,1,1
CAUDALIE-Vinoclean Instant Foaming Cleanser Duo,4.8,1,1,1,1,0,0,0,0,0,1,1,0,0,0,0,0,0,0,0,0,0,0,0,1,0,0,0,0,0,0,1,1,1,1,1
PHILOSOPHY-The Microdelivery Exfoliating Facial Wash,4.6,1,1,1,1,0,0,0,0,0,1,1,0,0,0,0,0,0,1,0,0,0,0,0,0,0,1,0,0,0,0,1,1,1,1,1
SHU UEMURA-Blanc:Chroma Lightening & Polishing Cleansing Oil,4.7,1,1,1,1,0,0,0,0,0,0,1,0,0,0,0,0,0,1,0,0,0,0,0,0,0,0,0,1,0,0,1,1,1,1,1
LAB SERIES-Oil Control Clay Cleanser + Mask,5.0,1,1,1,1,0,0,0,1,0,0,0,0,0,1,0,0,0,0,1,0,0,1,0,0,0,0,0,0,0,0,1,1,1,1,1
TATCHA-The Deep Cleanse,4.4,1,1,1,1,0,0,0,0,0,0,1,0,0,1,0,0,1,0,0,0,0,0,0,0,0,1,0,0,0,0,1,1,1,1,1
CLINIQUE-Take the Day Off Micellar Cleansing Towelettes for Face & Eyes,2.5,1,1,1,1,1,0,0,0,0,1,0,0,0,0,0,0,0,0,1,0,0,0,0,0,0,0,0,0,0,1,1,1,1,1,1
SEPHORA COLLECTION-Smoothing Cleanser,4.5,1,1,1,1,0,0,0,0,0,0,1,0,0,0,0,0,1,0,1,0,0,0,0,0,1,0,0,0,0,0,1,1,1,1,1
CAUDALIE-Vinoclean Gentle Cleansing Almond Milk,4.3,1,1,1,1,1,0,0,0,0,1,0,0,0,0,0,0,1,0,0,0,0,0,0,0,0,1,0,0,0,0,1,1,1,1,1
EVE LOM-Cleansing Oil Capsules,3.8,1,1,1,1,1,0,0,0,0,1,0,0,0,0,0,0,0,0,0,0,0,0,0,0,0,0,0,1,0,0,1,1,1,1,1
MAKE UP FOR EVER-So Divine,4.9,1,1,1,1,1,0,0,0,0,1,0,0,0,0,0,0,0,0,0,0,0,0,1,0,0,0,0,0,0,0,1,1,1,1,1
DR.JART+-Ctrl-A Teatreement™ Cleansing Foam,4.3,1,0,0,1,0,0,0,1,0,1,0,0,0,1,0,0,0,0,0,0,0,0,0,1,0,0,0,0,0,0,1,1,1,1,1
DERMALOGICA CLEAR START-Breakout Clearing Foaming Wash,4.4,1,1,1,1,0,0,0,1,0,0,0,0,0,1,0,0,0,0,0,0,0,0,0,1,0,0,0,0,0,0,1,1,1,1,1
SK-II-MEN Moisturizing Cleanser,4.8,1,1,1,1,0,0,1,0,0,1,0,0,0,1,0,0,0,0,1,0,0,0,1,0,0,0,0,0,0,0,1,1,1,1,1
ESTÉE LAUDER-Nutritious Super-Pomegranate Radiant Energy 2-in-1 Cleansing Foam,4.3,1,1,1,1,0,0,0,0,0,0,1,0,1,0,0,0,0,0,0,0,0,0,0,1,0,0,0,0,0,0,1,1,1,1,1
DERMALOGICA-Special Cleansing Gel,4.6,1,1,1,1,0,0,0,0,0,1,0,0,0,0,0,0,1,0,0,0,0,0,0,0,1,0,0,0,0,0,1,1,1,1,1
THE INKEY LIST-Hyaluronic Acid Cleanser,4.2,1,1,1,1,1,0,0,0,0,1,1,0,0,0,0,0,0,0,0,0,0,0,0,0,0,1,0,0,0,0,1,1,1,1,1
THIS WORKS-Evening Detox Cleansing Water,4.2,1,1,1,1,0,0,0,0,0,0,0,0,0,1,0,0,0,0,1,0,0,0,0,0,0,1,0,0,0,0,1,1,1,1,1
DR.JART+-Dermaclear Micro Foam Cleanser,4.3,1,1,1,1,1,0,0,0,0,0,1,0,0,0,0,0,0,0,0,0,0,0,1,1,0,0,0,0,0,0,1,1,1,1,1
SHISEIDO-Ultimune Essential Defense Trio,4.4,1,1,1,1,0,0,0,0,0,1,1,0,0,0,0,0,0,0,0,0,0,0,1,0,0,1,0,0,0,0,1,1,1,1,1
SK-II-Facial Treatment Cleansing Gel,4.8,1,0,0,0,0,0,0,0,0,0,1,0,0,0,0,0,1,0,1,0,0,0,0,0,1,0,0,0,0,0,1,1,1,1,1
ESTÉE LAUDER-Advanced Night Micro Cleansing Foam,3.8,1,1,1,1,0,0,0,0,0,1,0,0,0,0,0,0,0,0,0,0,0,0,0,1,0,0,0,0,0,0,1,1,1,1,1
CLINIQUE-All About Clean™ Rinse-Off Foaming Cleanser,4.4,1,1,1,1,1,0,0,0,0,1,0,0,0,0,0,0,0,0,0,0,0,0,1,1,0,0,0,0,0,0,1,1,1,1,1
SEPHORA COLLECTION-Prebiotic Clean Skin Gel Cleanser,4.4,1,1,1,1,0,0,0,0,0,1,1,0,0,0,0,0,0,0,0,0,0,0,0,0,1,0,0,0,0,0,1,1,1,1,1
BIOSSANCE-Squalane + Amino Aloe Gentle Cleanser,4.4,1,1,1,1,0,0,0,0,0,1,1,0,0,0,0,0,1,0,1,0,0,0,0,1,1,0,0,0,0,0,1,1,1,1,1
DIOR-Micellar Water Cleanser,4.4,1,1,1,1,0,0,0,0,0,1,0,0,0,0,0,0,1,0,0,0,0,0,0,0,0,1,0,0,0,0,1,1,1,1,1
ESTÉE LAUDER-Perfectly Clean Multi-Action Creme Cleanser/Moisture Mask,3.8,1,1,1,1,0,0,0,0,0,0,1,0,0,1,0,0,0,0,0,0,0,0,1,0,0,0,0,0,0,0,1,1,1,1,1
OLE HENRIKSEN-Find Your Balance Oil Control Cleanser,4.4,1,0,1,1,0,0,0,0,0,0,0,0,0,1,0,0,0,0,1,0,0,0,0,1,0,0,0,0,0,0,1,1,1,1,1
MARIO BADESCU-Botanical Facial Gel,3.7,1,0,0,1,0,0,0,0,0,0,0,0,0,1,0,0,0,0,0,0,0,0,0,0,0,1,0,0,0,0,1,1,1,1,1
PIXI-PinkSalt Cleansing Oil,3.8,1,1,1,0,0,0,0,0,0,1,1,0,0,1,0,0,0,0,0,0,0,0,0,0,0,0,0,1,0,0,1,1,1,1,1
DIOR-Eye and Lip Makeup Remover,4.4,1,1,1,1,1,0,0,0,0,0,0,0,0,0,0,0,1,0,0,0,0,0,0,0,0,1,0,0,0,0,1,1,1,1,1
PHILOSOPHY-Purity Made Simple One-Step Mattifying Facial Cleanser,4.3,1,1,1,1,0,0,0,0,0,1,1,0,0,0,0,0,0,0,0,0,0,0,0,0,0,1,0,0,0,0,1,1,1,1,1
GALLINÉE-Perfume Free Cleansing Bar,4.0,1,1,1,1,1,0,0,0,0,1,0,0,0,0,0,0,0,0,0,0,1,0,0,0,0,0,0,0,0,0,1,1,1,1,1
LANCÔME-Gel Eclat Clarifying Facial Cleanser,4.4,1,1,1,1,0,0,0,0,0,1,0,0,0,0,0,0,0,0,0,0,0,0,0,1,0,0,0,0,0,0,1,1,1,1,1
SHISEIDO-Clarifying Cleansing Foam,4.4,1,1,1,1,1,0,0,0,0,1,1,0,0,0,0,0,0,0,0,0,0,0,0,1,0,0,0,0,0,0,1,1,1,1,0
SHISEIDO-Deep Cleansing Foam,4.0,1,0,0,1,0,0,0,1,0,0,0,0,0,1,0,0,0,0,0,0,0,0,0,1,0,0,0,0,0,0,1,1,1,1,0
LANEIGE-Cream Skin Milk Oil Cleanser,4.6,1,1,1,1,1,0,0,0,0,1,0,0,0,1,0,0,0,0,1,0,0,0,0,0,0,1,0,1,0,0,1,1,1,1,1
THREE-Balancing Cleansing Oil R,4.8,1,1,1,0,0,0,0,0,0,1,1,0,0,0,0,0,0,0,0,0,0,0,0,0,0,0,0,1,0,0,1,1,1,1,1
DRGL-Cleanser Sensitive,4.4,1,1,1,1,1,0,1,0,1,1,1,0,0,0,0,0,0,0,0,0,0,0,0,0,0,1,0,0,0,0,1,1,1,1,1
FRESH-Seaberry Skin Nutrition Cleansing Oil,4.5,1,1,1,0,0,0,0,0,0,1,0,0,0,0,0,0,0,0,0,0,0,0,0,0,0,0,0,1,0,0,0,1,1,1,0
MARIO BADESCU-Glycolic Foaming Cleanser,4.3,1,1,1,1,1,0,0,0,0,0,0,1,0,0,1,0,1,0,0,0,0,0,0,0,0,1,0,0,0,0,1,1,1,1,1
PIXI-Skintreats Clarity Cleanser,3.5,1,1,1,1,0,0,0,0,0,1,1,0,0,0,0,0,0,0,1,0,0,0,1,0,0,0,0,0,0,0,1,1,1,1,1
BOSCIA-Cryosea Firming Icy-Cold Cleanser,1.0,1,1,1,1,0,0,0,0,0,1,1,1,1,0,0,0,1,0,0,0,0,0,0,0,0,1,0,0,0,0,1,1,1,1,1
TARTE-Knockout Daily Exfoliating Cleanser,4.1,1,1,1,1,1,0,0,0,0,0,0,0,0,0,0,0,1,0,1,0,0,0,0,0,1,0,0,0,0,0,1,1,1,1,1
BIOSSANCE-Squalane + Elderberry Jelly Cleanser,3.7,1,1,1,1,0,1,0,0,0,1,1,0,0,0,0,0,0,0,0,0,0,0,0,0,1,0,0,0,0,0,0,1,1,1,0
PIXI-Rose Cream Cleanser,3.9,1,1,1,1,0,0,0,0,0,0,0,0,0,1,0,0,0,0,0,0,0,0,1,0,0,0,0,0,0,0,1,1,1,1,1
MARIO BADESCU-Cleansing Oil,4.4,1,1,1,1,0,0,0,0,0,1,0,0,0,0,0,0,0,0,1,0,0,0,0,0,0,0,0,1,0,0,1,1,1,1,1
CAUDALIE-Skincare Bestie Box,3.5,1,1,1,1,0,0,1,1,0,1,1,0,0,1,1,0,0,0,1,0,0,0,1,0,1,1,0,0,0,0,1,1,1,1,1
ORIGINS-Dr. Weil For Origins™ Mega-Mushroom Skin Relief Micellar Cleanser,4.5,1,1,1,1,1,0,0,0,0,1,0,0,0,0,0,0,0,0,0,0,0,0,0,0,0,1,0,0,0,0,1,1,1,1,1
ELEMIS-Superfood AHA Glow Cleansing Butter,4.4,1,1,1,1,0,0,0,0,0,1,1,0,0,0,0,0,0,0,0,0,0,0,1,0,0,0,0,0,0,0,1,1,1,1,1
TATCHA-The Texture Tonic,4.7,1,1,1,1,0,0,0,0,0,1,1,0,0,1,0,0,1,1,1,0,0,0,0,0,0,1,0,0,0,0,1,1,1,1,1
INDIE LEE-Purifying Face Wash,4.3,1,1,1,1,0,0,0,0,0,1,1,0,0,1,0,0,1,1,1,0,0,0,0,0,0,1,0,0,0,0,1,1,1,1,1
SHISEIDO-Complete Cleansing Microfoam,5.0,1,1,1,1,0,0,0,0,0,1,0,0,0,0,0,0,1,0,0,0,0,0,0,1,0,0,0,0,0,0,1,1,1,1,1
SHISEIDO-Waso Quick Gentle Cleanser,4.4,1,1,1,1,0,0,0,0,0,0,0,0,0,0,0,0,0,0,0,0,0,0,0,0,1,0,0,0,0,0,1,1,1,1,1
DR.JART+-Cicapair Enzyme Cleansing Foam,4.5,1,1,1,1,0,0,0,0,0,1,0,0,0,0,0,0,1,0,0,0,0,0,0,1,0,0,0,0,0,0,1,1,1,1,1
TATCHA-The Rice Polish Foaming Enzyme Powder,4.7,1,1,1,1,0,0,0,0,0,0,1,0,0,0,0,0,1,1,0,0,0,0,0,0,0,0,0,0,1,0,1,1,1,1,1
GALLINÉE-Face Foaming Cleanser,5.0,1,1,1,1,1,0,0,0,0,1,0,0,0,0,0,0,1,0,1,0,0,0,0,1,0,0,0,0,0,0,1,1,1,1,1
LANCÔME-Crème Mousse-Confort,4.6,1,1,1,1,0,0,0,0,0,1,0,0,0,0,0,0,0,0,0,0,0,0,0,1,0,0,0,0,0,0,1,1,0,0,1
LAB SERIES-Anti-Age Max LS Cleanser,4.4,1,1,1,1,0,1,0,0,0,1,0,0,0,0,0,0,1,0,0,0,0,0,0,0,0,1,0,0,0,0,1,1,1,1,1
MALIN + GOETZ-Grapefruit Face Cleanser,4.4,1,1,1,1,1,0,0,0,0,1,0,0,0,0,0,0,0,0,0,0,0,0,0,0,1,0,0,0,0,0,1,1,1,1,1
SHISEIDO-Future Solution LX Extra Rich Cleansing Foam,4.3,1,1,1,1,0,1,0,0,0,0,1,0,0,1,0,0,1,0,0,0,0,0,1,1,0,0,0,0,0,0,1,1,1,1,1
FRANK BODY-Charcoal Face Cleanser,4.4,1,1,1,1,1,0,0,0,0,1,1,1,0,0,0,0,1,0,0,0,0,0,1,0,0,0,0,0,0,0,1,1,1,1,1
PAI SKINCARE-Light Work Rosehip Fruit Extract Cleansing Oil,4.0,1,1,1,1,0,0,0,0,0,0,1,0,0,0,0,0,0,0,0,0,0,0,0,0,0,0,0,1,0,0,1,1,1,1,1
PIXI-Hydrating Milky Cleanser,5.0,1,1,1,1,0,0,0,0,0,1,0,0,0,0,0,0,0,0,0,0,0,0,1,0,0,0,0,0,0,0,1,1,1,1,1
BOSCIA-Purifying Cleansing Gel,4.5,1,1,1,1,1,0,0,1,0,1,1,0,0,1,0,0,1,1,1,0,0,0,0,0,1,0,0,0,0,0,1,1,1,1,1
PIXI-Retinol Jasmine Cleanser,3.8,1,1,1,1,1,0,0,0,0,1,1,0,1,0,0,0,1,1,0,0,0,0,1,0,0,0,0,0,0,0,1,1,1,1,1
ALLIES OF SKIN-Molecular Silk Amino Hydrating Cleanser,4.3,1,1,1,1,0,0,0,0,0,1,1,0,0,0,1,0,1,0,0,0,0,0,0,0,0,0,0,1,0,0,1,1,1,1,1
BIOSSANCE-Squalane + Antioxidant Cleansing Oil,4.1,1,1,1,1,0,0,0,0,0,1,0,0,0,0,0,0,0,0,0,0,0,0,0,0,0,0,0,1,0,0,1,1,1,1,0
DIOR-Diorsnow Essence Of Light Purifying Brightening Foam,5.0,1,1,1,1,0,0,0,0,0,0,1,0,0,0,0,0,0,0,0,0,0,0,0,1,0,0,0,0,0,0,1,1,1,1,1
CLINIQUE-All About Clean™ Foaming Facial Soap,5.0,1,1,1,1,0,0,0,0,0,1,0,0,0,0,0,0,0,0,0,0,0,0,1,0,0,0,0,0,0,0,1,1,1,1,1
LAURA MERCIER-Balancing Foaming Cleanser,4.4,1,1,1,1,0,0,0,0,0,1,1,0,1,1,0,0,0,0,0,0,0,0,1,1,0,0,0,0,0,0,1,1,1,1,1
BY TERRY-Baume De Rose Bi-Phase Make-Up Remover,4.4,1,1,1,1,1,0,0,0,0,1,1,0,0,1,0,0,0,0,0,0,0,0,0,0,0,1,0,1,0,0,1,1,1,1,1
LIXIRSKIN-Electrogel Cleanser,3.7,1,1,1,1,1,0,0,0,0,0,1,0,0,0,0,0,0,0,0,0,0,0,0,0,1,0,0,0,0,0,1,1,1,1,0
GIVENCHY-Skin Ressource Cleansing Micellar Water,4.4,1,1,1,1,0,0,0,0,0,1,0,0,0,0,0,0,0,0,0,0,0,0,0,0,0,1,0,0,0,0,1,1,1,1,1
LA MER-The Cleansing Micellar Water,4.3,1,1,1,1,0,0,0,0,0,1,0,0,0,1,0,0,0,0,1,0,0,0,0,0,0,1,0,0,0,0,1,1,1,1,1
DRUNK ELEPHANT-Pekee Bar™,4.5,1,1,1,1,1,0,0,0,0,1,0,0,1,0,0,0,0,0,0,0,1,0,0,0,0,0,0,0,0,0,1,1,1,1,1
BYBI BEAUTY-Milk Melt Cleanser,3.0,1,1,1,1,0,0,0,0,0,0,0,0,0,0,0,0,0,1,0,0,0,0,1,0,0,0,0,0,0,0,1,1,1,1,1
VOTARY-Clarifying Cleansing Oil - Rosemary And Oat,5.0,1,1,1,1,0,0,0,1,0,0,1,0,0,1,0,0,0,1,0,0,0,0,0,0,0,0,0,1,0,0,1,1,1,1,1
PETER THOMAS ROTH-Anti-Aging Makeup Removing Cleansing Oil,3.2,1,1,1,1,1,1,0,0,0,0,1,1,0,1,0,0,1,0,1,0,0,0,0,0,0,0,0,1,0,0,1,1,1,1,1
JUICE BEAUTY-Stem Cellular™ 2-In-1 Cleanser,4.6,1,1,1,0,1,0,0,0,0,1,1,1,0,0,0,0,1,1,0,0,0,0,1,0,0,0,0,0,0,0,1,1,1,1,1
SHISEIDO-Extra Rich Cleansing Milk,4.0,0,1,0,0,0,0,0,0,0,1,0,0,0,0,0,0,0,0,0,0,0,0,0,1,0,0,0,0,0,0,1,1,1,1,0
ELEMIS-Superfood Cica Calm Cleansing Foam,4.4,1,1,1,1,1,0,0,0,0,1,1,0,0,0,0,0,1,0,0,0,0,0,0,1,0,0,0,0,0,0,1,1,1,1,1
DRGL-Cleanser Brightening,4.3,1,1,1,1,0,1,0,0,0,0,1,0,0,0,1,0,1,1,0,0,0,0,0,0,0,1,0,0,0,0,1,1,1,1,1
CLINIQUE-All-in-One Cleansing Micellar Milk + Makeup Remover,3.8,1,0,0,1,0,0,0,0,0,0,0,0,0,1,0,0,0,0,0,0,0,0,0,0,0,1,0,0,0,0,1,1,1,1,1
DIOR-Capture Totale Super Potent Cleanser Anti-Pollution Purifying Foam,4.7,1,1,1,1,0,0,0,0,0,0,1,0,0,0,0,0,0,0,0,0,0,0,0,1,0,0,0,0,0,0,1,1,1,1,1
ESTÉE LAUDER-Advanced Night Micro Cleansing Balm,4.6,0,1,1,0,0,0,0,0,0,0,0,0,0,0,0,0,0,0,0,1,0,0,0,0,0,0,0,0,0,0,1,1,1,1,1
EVE LOM-Cleanser,4.3,1,1,1,1,0,0,0,1,0,1,1,0,0,0,0,0,0,0,0,1,0,0,0,0,0,0,0,0,0,0,1,1,1,1,1
ALPHA-H-Melting Moment Cleansing Balm with Wild Orange Leaf Extract,4.6,1,1,1,1,1,0,0,0,0,0,1,0,0,1,0,0,0,0,0,1,0,0,0,0,0,0,0,0,0,0,1,1,1,1,1
TALIKA-Skintelligence Hydra - Moisturising Foaming Cleanser,5.0,1,1,1,1,0,0,0,0,0,1,1,0,0,0,0,0,1,0,1,0,0,0,1,0,0,0,0,0,0,0,1,1,1,1,1
SEPHORA COLLECTION-Cleansing & Soothing Micellar Gel,4.5,1,1,1,1,0,0,0,0,0,1,0,0,0,0,0,0,0,0,0,0,0,0,0,0,1,1,0,0,0,0,1,1,1,1,1
SKIN INC-Pure Serum Infused O2 Cleanser,5.0,1,1,1,1,1,0,0,0,0,1,1,0,0,1,0,0,1,0,1,0,0,0,1,1,1,0,0,0,0,0,1,1,1,1,1
MARIO BADESCU-Gentle Foaming Cleanser,4.3,1,1,1,1,0,0,0,0,0,1,1,0,0,0,0,0,0,0,0,0,0,0,1,0,0,0,0,0,0,0,1,1,1,1,1
ALPHA-H-Everyday Fresh Cotton Cloths,3.6,1,1,1,1,1,0,0,0,0,0,1,0,0,0,0,0,0,0,0,0,0,0,0,0,0,0,0,0,0,1,1,1,1,1,1
PIXI-Double Cleanse,4.0,1,1,1,1,0,0,0,0,0,0,0,0,0,1,0,0,0,0,0,0,0,0,1,0,0,0,0,1,0,0,1,1,1,1,1
SKIN INC-Pure Prodew Cleansing Foam,4.3,1,1,1,0,1,0,0,0,0,0,1,0,0,0,0,0,0,0,0,0,0,0,0,1,0,0,0,0,0,0,1,1,1,1,1
PIXI-Glow Mud Cleanser,4.2,1,1,1,1,0,0,0,0,0,0,1,0,0,0,0,0,0,0,1,0,0,0,1,0,0,0,0,0,0,0,1,1,1,1,1
GLO SKIN BEAUTY-Hydra-Bright AHA Cleanser,4.4,1,1,1,1,0,0,0,0,0,1,1,0,0,1,0,0,1,0,0,0,0,0,0,1,1,0,0,0,0,0,1,1,1,1,1
CLINIQUE-All About Clean™ Liquid Facial Soap (Extra Mild),3.7,1,0,1,0,1,0,0,0,0,1,0,0,0,0,0,0,0,0,0,0,0,0,0,0,0,1,0,0,0,0,1,1,1,1,1
SATURDAY SKIN-Melt+ Cleanse Makeup Melting Balm,4.4,1,1,1,1,0,0,0,0,0,1,1,0,0,0,0,0,1,0,1,1,0,0,0,0,0,0,0,1,0,0,1,1,1,1,1
PETER THOMAS ROTH-Pre-Treatment Exfoliating Cleanser,4.4,1,1,1,1,0,1,0,0,0,1,0,1,0,0,0,0,1,1,0,0,0,0,0,0,0,1,0,0,0,0,1,1,1,1,1
FRESH-Cleanse & Treat Trio (Christmas Limited Edition),4.4,1,1,1,1,0,0,0,0,0,1,1,0,1,0,0,0,1,0,0,0,0,0,1,0,1,1,0,0,0,0,1,1,1,1,1
BY TERRY-Cellularose Micellar Water Cleanser,4.4,1,1,1,1,1,0,0,0,0,0,1,0,0,0,0,0,0,1,0,0,0,0,0,0,0,1,0,0,0,0,1,1,1,1,1
VOTARY-Cleansing Oil - Rose Geranium And Apricot,4.3,1,1,1,1,1,0,0,0,0,0,1,0,0,0,0,0,0,1,0,0,0,0,0,0,0,0,0,1,0,0,1,1,1,1,1
SATURDAY SKIN-Rise + Shine Gentle Cleanser,4.4,1,1,1,1,0,0,0,0,0,1,0,0,0,0,0,0,0,0,0,0,0,0,1,0,0,0,0,0,0,0,1,1,1,1,0
EVE LOM-Foaming Cream Cleanser,4.4,1,1,1,1,0,0,0,0,0,1,1,0,0,0,0,0,0,0,0,0,0,0,1,1,0,0,0,0,0,0,1,1,1,1,1
GIVENCHY-Skin Ressource Liquid Cleansing Balm,4.4,1,1,1,1,0,0,0,0,0,0,0,0,0,0,0,0,1,0,1,1,0,0,0,0,0,1,0,0,0,0,1,1,1,1,1
MAC COSMETICS-Lightful C³ Clarifying Gel-To-Foam Deep Cleanser,4.4,1,1,1,1,0,0,0,0,0,1,1,0,0,0,0,0,0,0,0,0,0,0,0,0,1,0,0,0,0,0,1,1,1,1,1
ESTÉE LAUDER-Perfectly Clean Multi-Action Cleansing Gelee/Refiner 150ml,4.5,1,1,1,1,0,0,0,0,0,0,0,0,0,1,0,0,0,0,1,0,0,0,0,0,1,0,0,0,0,0,1,1,1,1,1
LA MER-The Cleansing Gel,4.3,1,1,1,1,0,0,0,0,0,0,1,0,0,1,0,0,0,0,0,0,0,0,0,1,1,0,0,0,0,0,1,1,1,1,1
FIRST AID BEAUTY-Pure Skin Deep Cleanser With Red Clay,4.3,1,1,1,1,1,0,0,1,0,0,1,0,0,1,0,0,1,0,0,0,0,0,0,0,1,0,0,0,0,0,1,1,1,1,1
MALIN + GOETZ-Facial Cleansing Oil,5.0,1,1,1,1,1,0,0,0,0,1,0,0,0,0,0,0,0,0,0,0,0,0,0,0,0,0,0,1,0,0,1,1,1,1,1
VOTARY-Cleansing Oil - Rose Geranium And Apricot,4.3,1,1,1,1,1,0,0,0,0,0,1,0,0,0,0,0,0,1,0,0,0,0,0,0,0,0,0,1,0,0,1,1,1,1,1
SATURDAY SKIN-Rise + Shine Gentle Cleanser,4.4,1,1,1,1,0,0,0,0,0,1,0,0,0,0,0,0,0,0,0,0,0,0,1,0,0,0,0,0,0,0,1,1,1,1,0
EVE LOM-Foaming Cream Cleanser,4.4,1,1,1,1,0,0,0,0,0,1,1,0,0,0,0,0,0,0,0,0,0,0,1,1,0,0,0,0,0,0,1,1,1,1,1
GIVENCHY-Skin Ressource Liquid Cleansing Balm,4.4,1,1,1,1,0,0,0,0,0,0,0,0,0,0,0,0,1,0,1,1,0,0,0,0,0,1,0,0,0,0,1,1,1,1,1
MAC COSMETICS-Lightful C³ Clarifying Gel-To-Foam Deep Cleanser,4.4,1,1,1,1,0,0,0,0,0,1,1,0,0,0,0,0,0,0,0,0,0,0,0,0,1,0,0,0,0,0,1,1,1,1,1
LA MER-The Cleansing Gel,4.3,1,1,1,1,0,0,0,0,0,0,1,0,0,1,0,0,0,0,0,0,0,0,0,1,1,0,0,0,0,0,1,1,1,1,1
ESTÉE LAUDER-Perfectly Clean Multi-Action Cleansing Gelee/Refiner 150ml,4.5,1,1,1,1,0,0,0,0,0,0,0,0,0,1,0,0,0,0,1,0,0,0,0,0,1,0,0,0,0,0,1,1,1,1,1
DIOR-Prestige La Mousse Micellaire Face Cleanser,5.0,1,1,1,1,0,0,0,0,0,0,1,0,0,0,0,0,0,0,0,0,0,0,1,1,0,0,0,0,0,0,1,1,1,1,1
FOREO-Micro-Foam Cleanser,4.4,1,1,1,1,0,0,0,0,0,1,0,0,0,1,0,0,0,0,1,0,0,0,1,1,0,0,0,0,0,0,1,1,1,1,1
DRGL-Cleanser Acne,3.0,1,1,1,1,1,0,1,1,0,0,0,0,0,1,0,0,0,0,0,0,0,0,0,0,0,1,0,0,0,0,1,1,1,1,1
GLAMGLOW-Supercleanse™ Clearing Cream-to-Foam Cleanser,4.0,1,1,1,1,0,0,0,0,0,0,0,0,0,1,0,0,1,1,1,0,0,0,1,1,0,0,0,0,0,0,1,1,1,1,1
DRGL-Cleanser Clarifying,4.4,1,1,1,1,0,0,0,1,0,0,0,0,0,0,0,0,0,0,0,0,0,0,0,0,0,1,0,0,0,0,1,1,1,1,1
JUICE BEAUTY-Green Apple Brightening Gel Cleanser,3.7,1,1,1,1,0,0,0,0,0,1,1,0,0,0,0,0,0,0,0,0,0,0,0,0,1,0,0,0,0,0,1,1,1,1,1
PETER THOMAS ROTH-Water Drench Hyaluronic Cloud Makeup Removing Gel Cleanser,4.5,1,1,1,1,0,0,0,0,0,1,1,0,0,1,0,0,1,0,0,0,0,0,0,0,1,0,0,0,0,0,1,1,1,1,1
FIRST AID BEAUTY-Pure Skin Deep Cleanser With Red Clay,4.3,1,1,1,1,1,0,0,1,0,0,1,0,0,1,0,0,1,0,0,0,0,0,0,0,1,0,0,0,0,0,1,1,1,1,1
GUERLAIN-Abeille Royale Cleansing Oil,4.4,1,1,1,1,0,0,0,0,0,1,1,0,0,0,0,0,0,0,0,0,0,0,0,0,0,0,0,1,0,0,1,1,1,1,1
INNISFREE-Green Tea Hydrating Amino Acid Cleansing Water,4.4,1,1,1,1,0,0,0,0,0,1,0,0,0,0,0,0,1,0,0,0,0,0,0,0,0,1,0,0,0,0,1,1,1,1,1
DERMALOGICA-Ultracalming™ Cleanser,4.5,0,0,0,0,1,0,0,0,0,0,0,0,0,0,0,0,0,1,0,0,0,0,1,0,1,0,0,0,0,0,1,1,1,1,1
DERMALOGICA-Active Clay Cleanser,4.5,1,1,1,1,0,0,0,0,0,0,1,0,0,1,0,0,1,0,0,0,0,0,1,0,0,0,0,0,0,0,1,1,1,1,1
LANEIGE-Water Bank Blue Hyaluronic Cleansing Gel,4.4,1,1,1,1,1,0,0,0,0,1,1,0,0,0,0,0,0,0,0,0,0,0,0,0,1,0,0,0,0,0,1,1,1,1,1
BY TERRY-Baume De Rose Micellar Water,4.4,1,1,1,1,1,0,0,0,0,1,1,0,0,1,0,0,0,0,0,0,0,0,0,0,0,1,0,0,0,0,1,1,1,1,1
HANZ DE FUKO-Gentle Face Wash,5.0,1,1,1,1,1,0,0,0,0,1,1,0,0,1,0,0,0,0,0,0,0,0,0,0,0,1,0,0,0,0,1,1,1,1,1
DOERS OF LONDON-Facial Cleanser,3.0,1,1,1,1,1,0,0,0,0,0,1,0,0,1,0,0,0,0,1,0,0,0,0,0,0,0,1,0,0,0,1,1,1,1,1
THREE-Balancing Foam R,4.8,1,0,1,1,0,0,0,0,0,0,0,0,1,0,0,0,1,0,0,0,0,0,0,1,0,0,0,0,0,0,1,1,1,1,1
DRGL-Cleanser Oil Control,4.8,0,0,0,1,0,0,0,0,0,0,0,0,0,1,0,0,0,0,0,0,0,0,0,0,0,0,0,1,0,0,1,1,1,1,1
BYBI BEAUTY-Swipe Clean Facial Cleansing Oil and Makeup Remover,4.8,1,1,1,1,1,0,0,0,0,1,0,0,0,0,0,0,0,0,0,0,0,0,1,0,0,0,0,0,0,0,1,1,1,1,0
GLAMGLOW-Gentlebubble™ Daily Conditioning Cleanser,4.0,1,1,1,1,1,0,0,0,0,0,1,0,0,0,0,0,0,0,0,0,0,0,0,1,0,0,0,0,0,0,1,1,1,1,1
ELEMIS-Dynamic Resurfacing Facial Wash,4.0,1,1,1,1,0,0,0,0,0,1,1,0,0,0,0,0,1,0,0,0,0,0,0,0,1,0,0,0,0,0,1,1,1,1,1
CLE DE PEAU-Softening Cleansing Foam,4.2,1,1,1,1,0,0,0,0,0,1,1,0,0,0,0,0,0,0,0,0,0,0,0,1,0,0,0,0,0,0,1,1,1,1,1
JUICE BEAUTY-Blemish Clearing Cleanser,4.1,1,1,1,1,0,0,0,1,0,1,0,0,0,0,0,0,0,0,0,0,0,0,1,0,0,0,0,0,0,0,1,1,1,1,1
INDIE LEE-Soothing Cleanser,3.6,1,1,1,1,1,0,0,0,0,1,0,1,0,0,0,0,1,1,0,0,0,0,0,0,0,1,0,0,0,0,1,1,1,1,1
DRGL-Cleanser Lightening Plus,4.0,1,1,1,1,1,0,0,0,0,0,1,0,0,0,1,0,0,1,0,0,0,0,0,0,0,1,0,0,0,0,1,1,1,1,1
ORIGINS-Clear Improvement™ Zero Oil Active Charcoal Detoxifying Cleanser to Clear Pores,3.4,1,1,1,1,0,0,0,1,0,1,0,0,0,1,0,0,0,0,1,0,0,0,0,1,1,0,0,0,0,0,1,1,1,1,1
EDIBLE BEAUTY-No. 1 Belle Frais Cleansing Milk,4.2,1,1,1,1,0,0,0,0,0,1,1,0,1,1,0,0,0,0,1,0,0,0,0,0,0,0,0,1,0,0,1,1,1,1,1
MARIO BADESCU-Orange Cleansing Soap,3.3,1,1,0,0,0,0,0,0,0,1,0,0,0,0,0,0,1,0,0,0,0,0,0,0,0,1,0,0,0,0,1,1,1,1,1
MARIO BADESCU-Seaweed Cleansing Soap,3.8,1,1,0,0,0,0,0,0,0,0,0,0,0,0,0,0,1,0,0,0,0,0,0,0,0,1,0,0,0,0,1,1,1,1,1
KOPARI-Tropical Glow Cleanser,3.8,1,1,1,1,0,0,0,0,0,1,1,0,0,0,0,0,0,0,0,0,0,0,1,0,0,0,0,0,0,0,1,1,1,1,1
STARSKIN-ORGLAMIC™ Celery Juice Healthy Hybrid Cleansing Balm,1.0,1,1,1,1,1,0,0,0,0,0,1,0,0,0,0,0,0,0,0,1,0,0,0,0,0,0,0,1,0,0,1,1,1,1,0
EVE LOM-Gel Balm Cleanser,3.0,1,1,1,1,1,0,0,0,0,1,1,0,0,0,0,0,0,0,0,1,0,0,0,0,1,0,0,0,0,0,1,1,1,1,1
SUNDAY RILEY-Blue Moon Tranquility Cleansing Balm,4.3,1,1,1,1,1,0,0,0,0,1,0,0,0,0,0,0,0,0,0,1,0,0,0,0,0,0,0,0,0,0,1,1,1,1,1
DEAR DAHLIA-Skin Conditioning Micellar Cleansing Water,3.5,1,1,1,1,1,0,0,0,0,1,0,0,0,0,0,0,1,0,0,0,0,0,0,0,0,1,0,0,0,0,1,1,1,1,1
PAI SKINCARE-Middlemist Seven Camellia & Rose Gentle Cream Cleanser,4.4,1,1,1,1,0,0,0,0,0,0,1,0,0,0,0,0,0,0,0,0,0,0,1,0,0,0,0,0,0,0,1,1,1,1,1
KORA ORGANICS BY MIRANDA KERR-Milky Mushroom Gentle Cleansing Oil,4.5,1,1,1,1,0,0,0,0,0,1,0,0,0,0,0,0,1,0,0,0,0,0,0,0,0,0,0,1,0,0,1,1,1,1,1
ALPHA-H-Triple Action Cleanser,4.4,1,1,1,1,0,0,0,1,0,0,0,0,0,1,0,0,0,0,0,0,0,0,0,0,1,0,0,0,0,0,1,1,1,1,1
FARMACY-Clean Bee Ultra-Gentle Facial Cleanser,4.0,1,1,1,1,1,0,0,0,0,1,0,0,0,1,0,0,0,0,0,0,0,0,0,0,0,1,0,0,0,0,1,1,1,1,1
BOSCIA-MakeUp-BreakUp Cool Cleansing Oil,4.5,1,1,1,1,1,1,0,0,0,1,1,0,0,0,0,0,1,1,1,0,0,0,0,0,0,0,0,1,0,0,1,1,1,1,1
BURT'S BEES-Sensitive Facial Cleanser,4.4,1,1,1,1,1,0,0,0,0,1,0,0,0,0,0,0,0,0,0,0,0,0,1,0,0,0,0,0,0,0,1,1,1,1,1
TARTE-Sea Deep Dive Makeup Removing Gel Cleanser,4.3,1,1,1,1,1,0,0,0,0,1,0,1,0,0,0,0,0,0,0,0,0,0,0,0,1,0,0,0,0,0,1,1,1,1,1
DERMALOGICA-Precleanse,4.6,1,1,1,1,0,0,0,0,0,0,0,0,0,1,0,0,0,0,0,0,0,0,0,0,0,0,0,1,0,0,1,1,1,1,1
LANEIGE-Water Bank Blue Hyaluronic Cleansing Oil,4.4,1,1,1,1,0,0,0,0,0,1,0,0,0,1,0,0,1,0,1,0,0,0,0,0,0,0,0,1,0,0,1,1,1,1,1
DIOR-Cleansing Milk,5.0,1,1,1,1,0,0,0,0,0,1,0,0,0,0,0,0,1,0,0,0,0,0,0,0,0,1,0,0,0,0,1,1,1,1,1
FRESH-Cleanse & Moisturize Duo,5.0,1,1,1,1,0,1,0,0,0,0,0,0,0,0,0,0,0,0,0,0,0,0,1,0,1,0,0,0,0,0,1,1,1,1,1
SKYN ICELAND-Micellar Cleansing Water,5.0,1,1,1,1,1,0,0,0,0,1,1,0,0,1,0,0,0,0,1,0,0,0,0,0,0,1,0,0,0,0,1,1,1,1,1
BY TERRY-Cellularose Cleansing Oil,4.4,1,1,1,1,1,0,0,0,0,0,1,0,0,0,0,0,0,0,0,0,0,0,0,0,0,0,0,1,0,0,1,1,1,1,1
DRUNK ELEPHANT-E-Rase™ Milki Micellar Water,4.3,1,1,1,1,0,0,0,0,0,0,1,0,0,0,0,0,0,0,0,0,0,0,0,0,0,1,0,0,0,0,1,1,1,1,1
LAURA MERCIER-Soothing Eye Makeup Remover,4.4,1,1,1,1,0,0,0,0,0,1,1,0,1,0,0,0,0,0,0,0,0,0,0,0,0,1,0,0,0,0,1,1,1,1,1
DRUNK ELEPHANT-E-Rase™ Milki Micellar Water Midi,4.0,1,1,1,1,0,0,0,0,0,1,1,0,0,0,0,0,0,0,0,0,0,0,0,0,0,1,0,0,0,0,1,1,1,1,1
LANCÔME-Galateis Douceur,4.5,1,1,1,0,0,0,0,0,0,1,0,0,0,1,0,0,0,0,0,0,0,0,0,0,0,1,0,0,0,0,1,1,0,0,1
LAB SERIES-Daily Rescue Gel Cleanser,4.4,1,1,1,1,0,0,0,0,0,1,1,0,1,0,0,0,1,0,0,0,0,0,0,0,1,0,0,0,0,0,1,1,1,1,1
CLINIQUE-Take The Day Off Cleansing Oil,4.5,1,1,1,1,1,0,0,0,0,0,0,0,0,0,0,0,0,0,0,0,0,0,0,0,0,1,0,1,0,0,1,1,1,1,1
SEPHORA COLLECTION-Original Cleansing Face Wipes (Mini),4.2,1,1,1,1,1,0,0,0,0,1,0,0,0,0,0,0,0,0,0,0,0,0,0,0,0,0,0,0,0,1,1,1,1,1,1
SEPHORA COLLECTION-Men Exfoliating Cleansing Gel,4.4,1,1,1,1,0,0,0,0,0,0,1,0,0,0,0,0,1,0,0,0,0,0,0,0,1,0,0,0,0,0,1,1,1,1,1
NUDESTIX-Gentle Hyra-Gel Face Cleanser,4.1,1,1,1,1,1,0,0,1,0,1,1,0,0,0,0,0,0,1,1,0,0,0,0,0,1,0,0,0,0,0,1,1,1,1,1
SEPHORA COLLECTION-All-Over Face & Body Solid Cleanser,4.2,1,1,1,1,0,0,0,0,0,1,0,0,0,0,0,0,0,0,0,0,1,0,0,0,0,0,0,0,0,0,1,1,1,1,1
KORA ORGANICS BY MIRANDA KERR-Turmeric Glow Foaming Cleanser,4.7,1,1,1,1,0,0,0,0,0,1,1,0,0,0,0,0,1,0,0,0,0,0,0,1,0,0,0,0,0,0,1,1,1,1,1
BURT'S BEES-Intense Hydration Cream Cleanser,3.7,0,1,0,0,0,0,0,0,0,1,0,0,0,0,0,0,0,0,0,0,0,0,1,0,0,0,0,0,0,0,1,1,1,1,1
BURT'S BEES-Soap Bark & Chamomile Deep Cleansing Cream,3.9,1,1,1,1,1,0,0,0,0,1,1,0,0,1,0,0,0,0,0,0,0,0,1,0,0,0,0,0,0,0,1,1,1,1,1
BOBBI BROWN-Soothing Cleansing Oil Duo,5.0,1,1,1,1,0,0,0,0,0,1,0,0,0,0,0,0,1,0,0,0,0,0,0,0,0,0,0,1,0,0,1,1,1,1,1
SULWHASOO-Snowise Brightening Cleansing Foam Facial Cleanser,4.8,1,1,1,1,0,0,0,0,0,0,1,0,0,0,0,0,1,0,0,0,0,0,0,1,0,0,0,0,0,0,1,1,1,1,1
SAND & SKY-Australian Pink Clay - Deep Pore Cleanser,4.5,1,1,1,1,1,0,0,0,0,0,1,0,0,1,0,0,1,0,1,0,0,0,0,0,1,0,0,0,0,0,1,1,1,1,1
OLE HENRIKSEN-Splashing Stars Cleanser & Scrub Duo,4.3,1,1,1,1,0,0,0,0,0,0,1,0,0,1,0,0,1,0,1,0,0,0,1,0,1,0,0,0,0,0,1,1,1,1,1
LAURA MERCIER-Purifying Micellar Water,4.4,1,1,1,1,0,0,0,0,0,1,1,0,1,0,0,0,0,0,0,0,0,0,0,0,0,1,0,0,0,0,1,1,1,1,1
LAURA MERCIER-Skin Essentials Collection,5.0,1,1,1,1,0,1,0,0,0,1,1,0,0,0,0,0,1,0,0,0,0,0,1,1,0,1,0,0,0,0,1,1,1,1,0
BYBI BEAUTY-Crystal Clear Gel Cleanser,3.3,1,1,1,1,0,0,0,1,0,0,0,0,0,0,0,0,0,0,0,0,0,0,0,0,1,0,0,0,0,0,1,1,1,1,1
AUGUSTINUS BADER-The Cream Cleansing Gel,4.5,1,1,1,1,1,0,0,0,0,1,0,1,0,0,0,0,1,1,0,0,0,0,1,0,1,0,0,0,0,0,1,1,1,1,1
PETER THOMAS ROTH-Acne Clearing Wash,4.2,1,0,0,1,0,0,1,1,0,0,1,1,0,0,0,0,0,1,1,0,0,0,0,0,1,1,0,0,0,0,1,1,1,1,1
CLINIQUE-Anti-Blemish Solutions Cleansing Gel,4.6,1,0,0,1,0,0,1,0,0,0,0,0,0,0,1,0,0,0,1,0,0,0,0,0,1,0,0,0,0,0,1,1,1,1,1
WANDER BEAUTY-Drift Away™ Cleanser,5.0,1,1,1,1,1,0,0,0,0,1,1,0,0,0,0,0,1,1,0,0,0,0,0,1,1,0,0,0,0,0,1,1,1,1,0
ELEMIS-Pro-Collagen Cleansing Balm,5.0,1,1,1,1,0,0,0,0,0,1,1,0,0,0,0,0,1,0,0,1,0,0,0,0,0,0,0,0,0,0,1,1,1,1,1
INNISFREE-Volcanic Pore Cleansing Foam EX,4.5,1,0,0,1,0,0,0,0,0,0,1,0,0,1,0,0,0,0,1,0,0,0,1,1,0,0,0,0,0,0,1,1,1,1,1
KORA ORGANICS BY MIRANDA KERR-Cream Cleanser,4.4,1,1,1,1,0,0,0,0,0,1,0,0,0,0,0,0,0,0,0,0,0,0,1,0,0,0,0,0,0,0,1,1,1,1,1
KORA ORGANICS BY MIRANDA KERR-Foaming Cleanser,4.7,1,1,1,1,0,0,0,0,0,0,0,0,0,1,0,0,0,0,0,0,0,0,0,1,0,0,0,0,0,0,1,1,1,1,1
BURT'S BEES-Sensitive Facial Cleansing Towelettes,3.1,0,0,0,0,1,0,0,0,0,0,0,0,0,1,0,0,0,0,0,0,0,0,0,0,0,0,0,0,0,1,1,1,1,1,1
SKIN INC-Skin Revival Infusion Cleanser,4.4,1,1,1,1,1,0,0,0,0,1,1,1,1,0,0,0,0,0,1,0,0,0,0,1,0,0,0,0,0,0,1,1,1,1,1
BURT'S BEES-Skin Nourishment Gentle Facial Cleanser,3.5,1,1,1,1,0,0,0,0,0,0,1,0,0,0,0,0,0,0,0,0,0,0,0,1,0,0,0,0,0,0,1,1,1,1,0
BURT'S BEES-Orange Essence Facial Cleanser,3.2,1,1,1,1,1,0,0,0,0,0,1,0,0,0,0,0,0,0,0,0,0,0,1,0,0,0,0,0,0,0,1,1,1,1,1
